family,design,alpha,file,sigma_y,n_ok,lam_min,lam_floor,rmse_min,rmse_floor,gain_floor,cv.bloss_vs_min,cv.smd_vs_min,cv.inf_vs_min,boot.smd_vs_min,boot.inf_vs_min,best,rmse_best,best_vs_floor,z_best,z_bootinf,z_cvbloss,overlap,p,n,s,s_y,dense,r2,mcse_rel
alpha_bad,"alpha sweep, bad overlap, SNR",0,alpha_bad_01_r200.rds,1,200,0.1189546275154856,0.1189546275154856,0.418692690372661,0.418692690372661,0,1.3400830001308046,2.1974392818210844,1.7446282151843127,1.5436994041944987,0.982021686552838,boot.inf,0.4111653019471057,-0.017978313447162053,-25.238331845471095,-25.238331845471095,53.07927706843177,NA,NA,NA,NA,NA,NA,0.6904024767801857,0.05
alpha_bad,"alpha sweep, bad overlap, SNR",0,alpha_bad_01_r200.rds,5,200,0.1189546275154856,0.1189546275154856,0.5633352170826633,0.5633352170826633,0,1.139112501588191,1.6963686549934178,1.3904225958398173,1.2612698945022427,0.9971135588806882,boot.inf,0.5617091831481195,-0.0028864411193118,-2.098282699834867,-2.098282699834867,10.471717271537564,NA,NA,NA,NA,NA,NA,0.08189496878442894,0.05
alpha_bad,"alpha sweep, bad overlap, SNR",0,alpha_bad_01_r200.rds,10,200,0.25038808846622923,0.1189546275154856,0.8159940815133864,0.8446491621062021,0.035116775037964176,1.0044364336763225,1.2814870304989363,1.1117307000588115,1.0500066241865131,1.043739883388263,cv.bloss,0.8196141851362921,-0.029639497785664326,-1.4142256947035396,3.7897540481614995,-1.4142256947035396,NA,NA,NA,NA,NA,NA,0.021813557664090776,0.05
alpha_bad,"alpha sweep, bad overlap, SNR",0.25,alpha_bad_02_r200.rds,1,200,0.03567662538585563,0.023472837185016034,0.34495981546820287,0.3457884619726185,0.0024021537212701727,1.3209553850662934,2.5873463810756268,1.9586557390436898,2.1695407916466127,1.0765517231314008,boot.inf,0.37136708375338384,0.07397187758911072,11.313655289873063,11.313655289873063,28.67691556714695,NA,NA,NA,NA,NA,NA,0.6904024767801857,0.05
alpha_bad,"alpha sweep, bad overlap, SNR",0.25,alpha_bad_02_r200.rds,5,200,0.0992723294064339,0.023472837185016034,0.5580109306094857,0.5802095365475066,0.03978166863823729,1.0638828433700114,1.6945028225163279,1.3394679944138697,1.4567933039948657,1.0022999671589177,boot.inf,0.5592943374242046,-0.0360476652068773,-1.969562494672019,-1.969562494672019,0.8523030764531618,NA,NA,NA,NA,NA,NA,0.08189496878442894,0.05
alpha_bad,"alpha sweep, bad overlap, SNR",0.25,alpha_bad_02_r200.rds,10,200,0.27623115356887556,0.023472837185016034,0.8573548328951607,0.9927231348024387,0.15789063840715656,1.008652803654269,1.2267328609642596,1.0462882717931936,1.1029339516049164,1.054578265262593,cv.bloss,0.864773355926241,-0.12888767712828697,-3.993307929629166,-4.136816022178635,-3.993307929629166,NA,NA,NA,NA,NA,NA,0.021813557664090776,0.05
alpha_bad,"alpha sweep, bad overlap, SNR",0.75,alpha_bad_03_r200.rds,1,200,0.0731512535880359,0.007843769147141596,0.2645046256437306,0.32433932983529556,0.2262142072031592,1.3869308277141068,3.411049200513382,2.5337375650607457,2.8149856977555765,1.285065205749547,boot.inf,0.3399056911745676,0.04799406025527908,3.7362871765886325,3.7362871765886325,8.816027959305092,NA,NA,NA,NA,NA,NA,0.6904024767801857,0.05
alpha_bad,"alpha sweep, bad overlap, SNR",0.75,alpha_bad_03_r200.rds,5,200,0.12202364540706039,0.007843769147141596,0.5097578075966291,0.5445144710970471,0.06818269967121493,1.0184901977208811,1.7978036968121598,1.3748118543528647,1.5068484178329462,1.0453418256451592,cv.bloss,0.5191833302488537,-0.04652060173379435,-1.3490754960964233,-0.8291469024296841,-1.3490754960964233,NA,NA,NA,NA,NA,NA,0.08189496878442894,0.05
alpha_bad,"alpha sweep, bad overlap, SNR",0.75,alpha_bad_03_r200.rds,10,200,0.26907809148213796,0.007843769147141596,0.7739191089401857,0.9560768395786932,0.2353705038863254,1.0856798951573456,1.2672950601042183,1.0495921447432814,1.1089634544530136,1.1729187105778827,cv.inf,0.8122994174103387,-0.15038270588346403,-2.9684279707742935,-1.6853221210695997,-3.0148575672757914,NA,NA,NA,NA,NA,NA,0.021813557664090776,0.05
alpha_bad,"alpha sweep, bad overlap, SNR",1,alpha_bad_04_r200.rds,1,200,0.11186159612013791,0.11186159612013791,0.2768239371802305,0.2768239371802305,0,1.3599003217534225,3.341899260539186,2.4921788300378553,2.72298862479842,1.5320954286744122,cv.bloss,0.3764529612404447,0.35990032175342246,20.147732102943078,27.14371089195303,20.147732102943078,NA,NA,NA,NA,NA,NA,0.6904024767801857,0.05
alpha_bad,"alpha sweep, bad overlap, SNR",1,alpha_bad_04_r200.rds,5,200,0.13473768854570417,0.11186159612013791,0.5188976934883812,0.5257190821453063,0.013145922100880947,1.0365679961911822,1.8684666136216592,1.4529200621179221,1.5594268409959045,1.0752675935968532,cv.bloss,0.5378727423674776,0.0231181645006604,1.047002224193302,2.3976941782972805,1.047002224193302,NA,NA,NA,NA,NA,NA,0.08189496878442894,0.05
alpha_bad,"alpha sweep, bad overlap, SNR",1,alpha_bad_04_r200.rds,10,200,0.2047893061120763,0.11186159612013791,0.817816942701933,0.9419399364080037,0.15177356597185265,1.0452387268117203,1.3067196968580468,1.0969212262264658,1.1427443570437315,1.0170996948624682,boot.inf,0.8318013628754927,-0.11692738493763599,-3.927429017444666,-3.927429017444666,-3.741759449027697,NA,NA,NA,NA,NA,NA,0.021813557664090776,0.05
dima,p x alpha x overlap,0.5,dima_01_r200.rds,1,200,0.03012990288673113,0.010335970645258237,0.14856264540664915,0.15639257682362226,0.052704577220880955,1.8838234404235294,4.804793030685037,3.6361488879572788,2.9455399250942187,1.2205131949274823,boot.inf,0.18132266899214802,0.15940713219810698,8.98590640908096,8.98590640908096,25.62447024606003,moderate,100,NA,NA,NA,NA,0.6904024767801857,0.05
dima,p x alpha x overlap,0.5,dima_02_r200.rds,1,200,0.06828257126126233,0.012213358892928768,0.29875435393911837,0.3265119528557673,0.09291111091992832,1.3053211107126683,2.937269886422889,2.235467067723368,2.4742572877859725,1.076799781440019,boot.inf,0.32169862302589675,-0.014741665007273919,-1.5269754591194724,-1.5269754591194724,13.715140053681866,bad,100,NA,NA,NA,NA,0.6904024767801857,0.05
dima,p x alpha x overlap,0.75,dima_03_r200.rds,1,200,0.03025607062386052,0.007154015865836993,0.11672606106181935,0.13501299650422083,0.15666540339022084,2.1913635120188033,6.182543933617482,4.704465622085404,4.339351042311803,1.3387683300994797,boot.inf,0.1562691538468218,0.157437860746513,4.811603530384041,4.811603530384041,21.299864565081048,moderate,100,NA,NA,NA,NA,0.6904024767801857,0.05
dima,p x alpha x overlap,0.75,dima_04_r200.rds,1,200,0.07708385269158953,0.007889771451733665,0.2700059017445606,0.3354026006337595,0.24220470169969666,1.3905937565098356,3.3393692629907847,2.520246066580818,2.790673052086036,1.2893314182799782,boot.inf,0.3481270922402787,0.03793796345787337,3.285155157280353,3.285155157280353,7.698896511330467,bad,100,NA,NA,NA,NA,0.6904024767801857,0.05
dima,p x alpha x overlap,0.5,dima_05_r200.rds,1,200,0.10987891667657945,0.012342962782039188,0.26210774664933606,0.4020248090133254,0.533815059465522,1.2622155162943327,3.448190082644458,2.402348584401931,3.2593686830555986,1.0450288968954846,boot.inf,0.2739101693487168,-0.31867346689134834,-41.547288760150586,-41.547288760150586,-20.460370725448406,moderate,500,NA,NA,NA,NA,0.6904024767801857,0.05
dima,p x alpha x overlap,0.5,dima_06_r200.rds,1,200,0.15071642496266746,0.018581025309558942,0.4162628229727719,0.5773119845088484,0.38689297397719047,1.0912278253024663,2.549216923408407,1.8114840961184782,2.4406236827367622,1.0202535016668925,boot.inf,0.4246936027517163,-0.26436032137280685,-54.951620734870644,-54.951620734870644,-38.78954943567927,bad,500,NA,NA,NA,NA,0.6904024767801857,0.05
dima,p x alpha x overlap,0.75,dima_07_r200.rds,1,200,0.08546913146439866,0.018413766175379608,0.22986798424040059,0.37791719252704065,0.6440618895922765,1.3536500085491365,3.9814522726867776,2.7980865367650143,3.7683693349925926,1.3698152556765402,cv.bloss,0.31116079883219105,-0.17664291282560018,-19.27562180994108,-32.0666436003632,-19.27562180994108,moderate,500,NA,NA,NA,NA,0.6904024767801857,0.05
dima,p x alpha x overlap,0.75,dima_08_r200.rds,1,200,0.12237783330881158,0.028936109120116942,0.34883375076934986,0.5216855805817322,0.4955134915447805,1.1890019465229755,3.0311960923971637,2.1324881095183787,2.933686404519488,1.1995873015406695,cv.bloss,0.4147640086776675,-0.20495404872957446,-27.136210964682967,-48.08969517166403,-27.136210964682967,bad,500,NA,NA,NA,NA,0.6904024767801857,0.05
dimhi,"p in {1000, 2000} x alpha x overlap",0.5,dimhi_01_r200.rds,1,200,0.14330465894649377,0.02813128708521245,0.30397123198770504,0.5018942818454589,0.6511242809509008,1.1566739773498416,3.0517976790822257,2.193501041584842,2.9783494124936363,1.0671925634235468,boot.inf,0.32439583827197255,-0.3536570349453412,-59.90445223117709,-59.90445223117709,-45.39844038831296,moderate,1000,NA,NA,NA,NA,0.6904024767801857,0.05
dimhi,"p in {1000, 2000} x alpha x overlap",0.5,dimhi_02_r200.rds,1,200,0.18083234049430771,0.03388467902348552,0.44555753070163656,0.6547506931463134,0.46950875707397954,1.055039190729391,2.3936559457679594,1.7290823892030833,2.355649776225363,1.0134270033035717,boot.inf,0.45154003313829866,-0.31036341333449247,-77.97640757860627,-77.97640757860627,-65.19831213993506,bad,1000,NA,NA,NA,NA,0.6904024767801857,0.05
dimhi,"p in {1000, 2000} x alpha x overlap",0.75,dimhi_03_r200.rds,1,200,0.10306683638049952,0.0370403004869355,0.26006855867404816,0.4364330302386805,0.6781460721888928,1.2622877796113232,3.5902818520829918,2.5882669251043833,3.5188152466575886,1.324248621500282,cv.bloss,0.3282813634753814,-0.24780816132122752,-29.462649153835006,-37.695297167785185,-29.462649153835006,moderate,1000,NA,NA,NA,NA,0.6904024767801857,0.05
dimhi,"p in {1000, 2000} x alpha x overlap",0.75,dimhi_04_r200.rds,1,200,0.14185067099687815,0.044338489062385356,0.3708385946763652,0.5687313709655266,0.5336358705109012,1.1290529127619324,2.8682656245771527,2.061621585790792,2.8240133313576674,1.1730241703533728,cv.bloss,0.41869639548389176,-0.26380639989477417,-42.833733536582876,-58.741674775709996,-42.833733536582876,bad,1000,NA,NA,NA,NA,0.6904024767801857,0.05
dimhi,"p in {1000, 2000} x alpha x overlap",1,dimhi_05_r200.rds,1,200,0.10159920764184988,0.10159920764184988,0.2469791273706499,0.2469791273706499,0,1.26648814681819,3.8189810132038247,2.7397612252340777,3.7331207479020705,1.4830914984310142,cv.bloss,0.31279613732642814,0.2664881468181901,26.738021041782368,23.41505435856303,26.738021041782368,moderate,1000,NA,NA,NA,NA,0.6904024767801857,0.05
dimhi,"p in {1000, 2000} x alpha x overlap",1,dimhi_06_r200.rds,1,200,0.14874819123025904,0.14874819123025904,0.3411651538537603,0.3411651538537603,0,1.1745354735209326,3.136461004719209,2.2729305557552,3.0954906148678725,1.4641544930974448,cv.bloss,0.4007105755304682,0.17453547352093257,18.328741625025764,47.21619064148074,18.328741625025764,bad,1000,NA,NA,NA,NA,0.6904024767801857,0.05
dimhi,"p in {1000, 2000} x alpha x overlap",0.5,dimhi_07_r200.rds,1,200,0.16345649784010205,0.046552996877750975,0.3348341747985198,0.5754357155733846,0.7185692467611535,1.1057365691737886,2.789606472272517,2.0774660212051494,2.7590544164084676,1.06353358396693,boot.inf,0.3561073899580792,-0.3811517423744871,-72.95008254047553,-72.95008254047553,-67.10357080704979,moderate,2000,NA,NA,NA,NA,0.6904024767801857,0.05
dimhi,"p in {1000, 2000} x alpha x overlap",0.5,dimhi_08_r200.rds,1,200,0.20642734351726189,0.053568395432222506,0.46776093420485915,0.7143689439174393,0.5272095031445625,1.0323914256131708,2.2835360258673734,1.6940266857450226,2.267536563360734,1.0141730779675788,boot.inf,0.47439054639553213,-0.33593061339693664,-85.93704635104584,-85.93704635104584,-80.43210131259364,bad,2000,NA,NA,NA,NA,0.6904024767801857,0.05
dimhi,"p in {1000, 2000} x alpha x overlap",0.75,dimhi_09_r200.rds,1,200,0.11999576916998334,0.054416623467531566,0.2862528966960876,0.4748926609751888,0.658996874639066,1.194724368731879,3.295404761127625,2.47986738246254,3.2629040327610084,1.290745019440437,cv.bloss,0.341993311302905,-0.2798513445109383,-42.89834371462277,-46.2329098850379,-42.89834371462277,moderate,2000,NA,NA,NA,NA,0.6904024767801857,0.05
dimhi,"p in {1000, 2000} x alpha x overlap",0.75,dimhi_10_r200.rds,1,200,0.15817671896073057,0.062388157338688056,0.39945761677310976,0.6042794167307218,0.5127497670771666,1.0996524847938989,2.6871663399422085,2.0089699655268776,2.6749351878146013,1.1523654017458613,cv.bloss,0.4392645608543992,-0.273077075451432,-57.66640840382109,-65.72248601511994,-57.66640840382109,bad,2000,NA,NA,NA,NA,0.6904024767801857,0.05
dimhi,"p in {1000, 2000} x alpha x overlap",1,dimhi_11_r200.rds,1,200,0.10933963169670138,0.10933963169670138,0.2540586476822831,0.2540586476822831,0,1.2518965688772659,3.6742617404721836,2.7687298179764177,3.631647770758949,1.5458173962654997,cv.bloss,0.3180551493270483,0.25189656887726586,26.8184607643948,34.69993791010063,26.8184607643948,moderate,2000,NA,NA,NA,NA,0.6904024767801857,0.05
dimhi,"p in {1000, 2000} x alpha x overlap",1,dimhi_12_r200.rds,1,200,0.16011475031068415,0.16011475031068415,0.36764454533155444,0.36764454533155444,0,1.1419023869676692,2.90735608128116,2.196296264517651,2.885485652353816,1.4066449251205924,cv.bloss,0.41981418386974545,0.14190238696766921,17.42584495148064,49.15247068045762,17.42584495148064,bad,2000,NA,NA,NA,NA,0.6904024767801857,0.05
dimsnr,SNR at high p x alpha x overlap,0.5,dimsnr_01_r200.rds,1,200,0.11209920306244224,0.012592372887772539,0.26286144532863603,0.40417751205950436,0.5376066716600123,1.2501568495656021,3.4571925988215573,2.395186740123293,3.251043283884515,1.050428692950151,boot.inf,0.2761172044435467,-0.3168417435285321,-44.20380272750386,-44.20380272750386,-23.576386789574535,moderate,500,NA,NA,NA,NA,0.6904024767801857,0.05
dimsnr,SNR at high p x alpha x overlap,0.5,dimsnr_01_r200.rds,3,200,0.1174368910033819,0.012592372887772539,0.3004141369023121,0.4286389118666548,0.4268267009219959,1.1796153640858331,3.0571488388878905,2.132867181416093,2.8791970824254856,1.044568641296307,boot.inf,0.313803186810251,-0.2679078400892545,-18.446460137112815,-18.446460137112815,-10.496836288008321,moderate,500,NA,NA,NA,NA,0.19857524487978628,0.05
dimsnr,SNR at high p x alpha x overlap,0.5,dimsnr_01_r200.rds,10,200,0.14818854923849148,0.012592372887772539,0.5912336282189941,0.6674753958050936,0.12895370619524282,1.0195462249367142,1.7071818129415077,1.290188473914884,1.6274402584048389,1.0458702086926055,cv.bloss,0.6027900137063121,-0.09691051161632624,-3.054051339399198,-2.8436853850068413,-3.054051339399198,moderate,500,NA,NA,NA,NA,0.021813557664090776,0.05
dimsnr,SNR at high p x alpha x overlap,0.5,dimsnr_02_r200.rds,1,200,0.15265878743018416,0.01882048883304821,0.408365019450578,0.5664322706618198,0.387073435976246,1.0858966303820403,2.565357918654573,1.8206558055107975,2.478241475347961,1.0144826222881678,boot.inf,0.414279215782981,-0.26861650149463245,-55.550060499872394,-55.550060499872394,-37.46905687975341,bad,500,NA,NA,NA,NA,0.6904024767801857,0.05
dimsnr,SNR at high p x alpha x overlap,0.5,dimsnr_02_r200.rds,3,200,0.15265878743018416,0.01882048883304821,0.42811274730989474,0.5741777153284787,0.3411834123987274,1.0705752643593274,2.4484109230961906,1.7386100771171615,2.365488461440012,1.0103700641452227,boot.inf,0.4325523039608859,-0.24665779877327876,-21.016520357715336,-21.016520357715336,-14.015621593389097,bad,500,NA,NA,NA,NA,0.19857524487978628,0.05
dimsnr,SNR at high p x alpha x overlap,0.5,dimsnr_02_r200.rds,10,200,0.17552050875679015,0.01882048883304821,0.6706205807900135,0.7344317923157403,0.0951524801856738,1.0090198718982932,1.6505842707980443,1.2323690374685872,1.60104609652979,0.9968336505818692,boot.inf,0.6684971617042426,-0.08977638400374655,-3.311067698806236,-3.311067698806236,-2.3363760999972305,bad,500,NA,NA,NA,NA,0.021813557664090776,0.05
dimsnr,SNR at high p x alpha x overlap,1,dimsnr_03_r200.rds,1,200,0.08762325753536421,0.08762325753536421,0.2137509690168139,0.2137509690168139,0,1.3696784374454596,4.276156695165899,2.980206371278115,4.051083333371351,1.4626898767141996,cv.bloss,0.2927700932454025,0.3696784374454596,24.05470877427638,16.484400872760407,24.05470877427638,moderate,500,NA,NA,NA,NA,0.6904024767801857,0.05
dimsnr,SNR at high p x alpha x overlap,1,dimsnr_03_r200.rds,3,200,0.08762325753536421,0.08762325753536421,0.2863610708063271,0.2863610708063271,0,1.1964815480250608,3.2371963644677173,2.2890626373306455,3.071445071672226,1.2445763407193497,cv.bloss,0.3426257372924683,0.1964815480250608,11.21930800786702,10.834763764361668,11.21930800786702,moderate,500,NA,NA,NA,NA,0.19857524487978628,0.05
dimsnr,SNR at high p x alpha x overlap,1,dimsnr_03_r200.rds,10,200,0.115832789698634,0.08762325753536421,0.6530745754265472,0.6789722822949412,0.03965505294931937,1.004310795387291,1.5749694364097833,1.2288944995962536,1.5107749227157625,0.9995967149598399,boot.inf,0.6528112002201688,-0.03853041244385913,-1.6604163056420036,-1.6604163056420036,-1.5693970704316587,moderate,500,NA,NA,NA,NA,0.021813557664090776,0.05
dimsnr,SNR at high p x alpha x overlap,1,dimsnr_04_r200.rds,1,200,0.14678561385442374,0.14678561385442374,0.34060849282960365,0.34060849282960365,0,1.1667850520002794,3.098691722014975,2.192217906484886,3.0098704666200002,1.4307261623077836,cv.bloss,0.3974168980179259,0.16678505200027938,15.10480675683723,41.250564718873655,15.10480675683723,bad,500,NA,NA,NA,NA,0.6904024767801857,0.05
dimsnr,SNR at high p x alpha x overlap,1,dimsnr_04_r200.rds,3,200,0.14678561385442374,0.14678561385442374,0.40966444296205645,0.40966444296205645,0,1.1003005306563844,2.5839574440067534,1.8470531132430585,2.5112746793676037,1.2698521273048335,cv.bloss,0.4507540039822029,0.10030053065638445,9.696881988367965,20.19413167515645,9.696881988367965,bad,500,NA,NA,NA,NA,0.19857524487978628,0.05
dimsnr,SNR at high p x alpha x overlap,1,dimsnr_04_r200.rds,10,200,0.2337242072504087,0.14678561385442374,0.8080168747027106,0.8724520550528153,0.07974484490043854,1.050958465335972,1.4041524919535682,1.1063196209690955,1.3722152216404129,1.0030747115572685,boot.inf,0.810501293525827,-0.07100764009689675,-3.447629103718365,-3.447629103718365,-2.387404062349023,bad,500,NA,NA,NA,NA,0.021813557664090776,0.05
dimsnr,SNR at high p x alpha x overlap,0.5,dimsnr_05_r200.rds,1,200,0.13970460053969475,0.0287304230542814,0.30354616132092105,0.4979354245847199,0.6403944046529477,1.1484735441738314,3.0593628635876327,2.170298908699631,2.9851295646696476,1.0648371553865255,boot.inf,0.3232272309494689,-0.3508651624474364,-56.613256809535976,-56.613256809535976,-45.49022905168863,moderate,1000,NA,NA,NA,NA,0.6904024767801857,0.05
dimsnr,SNR at high p x alpha x overlap,0.5,dimsnr_05_r200.rds,3,200,0.14635674026257173,0.0287304230542814,0.34378830658792897,0.5164440573946943,0.5022153095326589,1.0979175085158375,2.7148126501957415,1.9451637197637968,2.6497945793834385,1.053489169799028,boot.inf,0.36217725769393105,-0.2987096036674197,-26.4577654194217,-26.4577654194217,-21.07259548126238,moderate,1000,NA,NA,NA,NA,0.19857524487978628,0.05
dimsnr,SNR at high p x alpha x overlap,0.5,dimsnr_05_r200.rds,10,200,0.2026874549512685,0.0287304230542814,0.6282121899322016,0.7132447235289825,0.13535638906649972,0.999250740745122,1.6106561134863484,1.2588843112059465,1.5784309902269258,1.0436635025793803,cv.bloss,0.6277414961348677,-0.11987922878849078,-4.663928533129765,-3.9827304059429127,-4.663928533129765,moderate,1000,NA,NA,NA,NA,0.021813557664090776,0.05
dimsnr,SNR at high p x alpha x overlap,0.5,dimsnr_06_r200.rds,1,200,0.17819449304819698,0.033390394573148505,0.45031000668046217,0.6597569782847945,0.4651172936357928,1.0555445001038537,2.376447610648383,1.72674457284992,2.341540878048057,1.0149859306199982,boot.inf,0.45705832119806655,-0.3072323048612453,-78.90330538274952,-78.90330538274952,-63.39678257830746,bad,1000,NA,NA,NA,NA,0.6904024767801857,0.05
dimsnr,SNR at high p x alpha x overlap,0.5,dimsnr_06_r200.rds,3,200,0.17819449304819698,0.033390394573148505,0.48308682940611475,0.675538416461289,0.39837887381812,1.0489586012608758,2.231131913982307,1.6350983806106232,2.1986294808553173,1.0109529384001603,boot.inf,0.48837804969052867,-0.27705362450173154,-28.606576016467024,-28.606576016467024,-21.87968225587728,bad,1000,NA,NA,NA,NA,0.19857524487978628,0.05
dimsnr,SNR at high p x alpha x overlap,0.5,dimsnr_06_r200.rds,10,200,0.1549844826006508,0.033390394573148505,0.7473541538544191,0.8424105179022953,0.12719052079610527,1.0203643422482036,1.5518024336184637,1.2203344691830724,1.532203393858661,1.0057453165998467,boot.inf,0.7516479400805233,-0.10774150594389764,-4.098817726120024,-4.098817726120024,-2.9345236435896664,bad,1000,NA,NA,NA,NA,0.021813557664090776,0.05
dimsnr,SNR at high p x alpha x overlap,1,dimsnr_07_r200.rds,1,200,0.0981969801243287,0.0981969801243287,0.23381314425797384,0.23381314425797384,0,1.32740667261625,4.003295053263249,2.9051432270319855,3.919031719539027,1.51962674645078,cv.bloss,0.3103651278334203,0.3274066726162499,27.605285646917807,21.901332882124255,27.605285646917807,moderate,1000,NA,NA,NA,NA,0.6904024767801857,0.05
dimsnr,SNR at high p x alpha x overlap,1,dimsnr_07_r200.rds,3,200,0.0981969801243287,0.0981969801243287,0.2864910099148053,0.2864910099148053,0,1.218449619279084,3.3115458158638167,2.4285495188670465,3.2438266340242974,1.3498916888353747,cv.bloss,0.34907486195757476,0.2184496192790839,15.806759745466135,16.029080745376493,15.806759745466135,moderate,1000,NA,NA,NA,NA,0.19857524487978628,0.05
dimsnr,SNR at high p x alpha x overlap,1,dimsnr_07_r200.rds,10,200,0.10287270325462038,0.0981969801243287,0.6194981616424043,0.6195499446328238,8.358861030699494e-5,1.0194756612577103,1.698190655329155,1.3479255124459149,1.670360950674242,1.026585113886438,cv.bloss,0.6315632979883261,0.019390451826482025,1.2072559176964648,1.5015807660113702,1.2072559176964648,moderate,1000,NA,NA,NA,NA,0.021813557664090776,0.05
dimsnr,SNR at high p x alpha x overlap,1,dimsnr_08_r200.rds,1,200,0.15353887423590565,0.15353887423590565,0.3501066545132509,0.3501066545132509,0,1.1644877568054814,3.0393693826460475,2.225529102229785,3.0032638035131565,1.4245514429117103,cv.bloss,0.4076949127568072,0.16448775680548144,14.814459206139137,36.521395647955785,14.814459206139137,bad,1000,NA,NA,NA,NA,0.6904024767801857,0.05
dimsnr,SNR at high p x alpha x overlap,1,dimsnr_08_r200.rds,3,200,0.15353887423590565,0.15353887423590565,0.4027895314076894,0.4027895314076894,0,1.1078947271582442,2.653454478246751,1.9568469303930995,2.622507892160123,1.2944572601248887,cv.bloss,0.44624839800111915,0.10789472715824422,8.536793206045083,18.821495783479868,8.536793206045083,bad,1000,NA,NA,NA,NA,0.19857524487978628,0.05
dimsnr,SNR at high p x alpha x overlap,1,dimsnr_08_r200.rds,10,200,0.22275861735932068,0.15353887423590565,0.7763580800699275,0.8071227077749473,0.03962685324566828,1.0165596958239798,1.476756516241892,1.1659698513470413,1.461679097269364,0.9865466975728491,boot.inf,0.7659135000269844,-0.05105693019289126,-1.9561658336483587,-1.9561658336483587,-1.1739909030042137,bad,1000,NA,NA,NA,NA,0.021813557664090776,0.05
n_enet,"n x overlap x SNR (EN, bad/awful)",0.5,n_enet_01_r200.rds,1,200,0.15683589547893276,0.019335462236867895,0.49685144940229253,0.552323558823872,0.11164727301955502,1.1484573707519368,2.0187451148987656,1.8183459779504243,1.7727619821905678,1.0539134520241746,boot.inf,0.5236384261827847,-0.051935377701740504,-6.755916371607034,-6.755916371607034,3.7167109777719514,bad,NA,250,NA,NA,NA,0.6904024767801857,0.05
n_enet,"n x overlap x SNR (EN, bad/awful)",0.5,n_enet_01_r200.rds,3,200,0.1721272016731267,0.019335462236867895,0.5935720238478459,0.6401643298095284,0.07849478090231865,1.0906668198979248,1.750809294852979,1.5884547309845072,1.5551011680019156,1.0402286327465275,boot.inf,0.617450614803834,-0.035481069388,-2.2465348045346447,-2.2465348045346447,0.6066055754081799,bad,NA,250,NA,NA,NA,0.19857524487978628,0.05
n_enet,"n x overlap x SNR (EN, bad/awful)",0.5,n_enet_01_r200.rds,10,200,0.39763616077729375,0.019335462236867895,1.1980500452942338,1.3092261639174314,0.09279755804849832,1.0123316326172882,1.1246482090069696,1.0742610223541147,1.0676435538816154,1.057368728765039,cv.bloss,1.2128239583099276,-0.07363296599500557,-2.366555069012402,-1.2688427917338236,-2.366555069012402,bad,NA,250,NA,NA,NA,0.021813557664090776,0.05
n_enet,"n x overlap x SNR (EN, bad/awful)",0.5,n_enet_02_r200.rds,1,200,0.1862438932016893,0.026399590661629387,0.6182111320658429,0.6711779482538665,0.08567755163357726,1.062241287951304,1.765939110737945,1.5958829632874634,1.5929861467729767,1.01694740145232,boot.inf,0.628688204303256,-0.0633062275975419,-11.71785953533307,-11.71785953533307,-3.397269663255519,awful,NA,250,NA,NA,NA,0.6904024767801857,0.05
n_enet,"n x overlap x SNR (EN, bad/awful)",0.5,n_enet_02_r200.rds,3,200,0.1862438932016893,0.026399590661629387,0.6944842349344286,0.739008735948829,0.06411160797423188,1.0439662477081741,1.631583231334641,1.481326103314494,1.4825604841375444,1.0067397842262986,boot.inf,0.6991649088264528,-0.05391523155841982,-3.890069365369715,-3.890069365369715,-1.2077736157160905,awful,NA,250,NA,NA,NA,0.19857524487978628,0.05
n_enet,"n x overlap x SNR (EN, bad/awful)",0.5,n_enet_02_r200.rds,10,200,0.3106735382999683,0.026399590661629387,1.2426717308663302,1.3122410573507588,0.0559836719194764,1.00728548562692,1.1488783194388341,1.0857219556274944,1.0875374660268728,1.012899076897355,cv.bloss,1.2517251979005366,-0.04611641977762504,-1.6831019176131745,-1.7001876032021597,-1.6831019176131745,awful,NA,250,NA,NA,NA,0.021813557664090776,0.05
n_enet,"n x overlap x SNR (EN, bad/awful)",0.5,n_enet_03_r200.rds,1,200,0.10684302822364658,0.012001934135977194,0.4088945937046097,0.4525173345372405,0.10668456248688973,1.2013866406856495,2.3642708782736794,1.947477290321209,2.0209402559825187,1.0424316100900055,boot.inf,0.4262446496725949,-0.058058957877299755,-8.343330914824437,-8.343330914824437,9.27348544901556,bad,NA,500,NA,NA,NA,0.6904024767801857,0.05
n_enet,"n x overlap x SNR (EN, bad/awful)",0.5,n_enet_03_r200.rds,3,200,0.10684302822364658,0.012001934135977194,0.4995917214259443,0.535605129257552,0.07208567773864938,1.1288924052625362,1.9843339560787716,1.6535260697946697,1.7134561122002745,1.0199502241601448,boot.inf,0.5095586882569445,-0.04862993197378951,-3.482180804639513,-3.482180804639513,2.805405334308719,bad,NA,500,NA,NA,NA,0.19857524487978628,0.05
n_enet,"n x overlap x SNR (EN, bad/awful)",0.5,n_enet_03_r200.rds,10,200,0.34181938909867077,0.012001934135977194,1.0280456569718186,1.0950537448856585,0.06518007002842374,1.0196482024302873,1.174325569556419,1.0578611491097087,1.0800823454183086,1.0247186483612034,cv.bloss,1.0482449061475787,-0.04274569988614341,-1.440200255948813,-1.7610022623941144,-1.440200255948813,bad,NA,500,NA,NA,NA,0.021813557664090776,0.05
n_enet,"n x overlap x SNR (EN, bad/awful)",0.5,n_enet_04_r200.rds,1,200,0.13420964327820656,0.01311241578483849,0.5282831220466017,0.5756963932914243,0.08974973696138666,1.0732904920556265,1.9424272190575609,1.601629083344713,1.7208919595283978,1.016865194363381,boot.inf,0.5371927195788113,-0.0668819088694933,-11.041556158225449,-11.041556158225449,-2.0872445764684406,awful,NA,500,NA,NA,NA,0.6904024767801857,0.05
n_enet,"n x overlap x SNR (EN, bad/awful)",0.5,n_enet_04_r200.rds,3,200,0.1406001364745307,0.01311241578483849,0.6076144132112841,0.6513571173889672,0.07199089295215999,1.0424369730114227,1.7111350814262554,1.427934981345006,1.5244052900308518,1.0076971734730955,boot.inf,0.6122913267545245,-0.059975994107567265,-4.193852754188346,-4.193852754188346,-1.6518578815735936,awful,NA,500,NA,NA,NA,0.19857524487978628,0.05
n_enet,"n x overlap x SNR (EN, bad/awful)",0.5,n_enet_04_r200.rds,10,200,0.3912282316988103,0.01311241578483849,1.0606554489476139,1.196530492300831,0.12810478981466877,1.0666865888872739,1.1453346617372433,1.0424325105267707,1.070427768786052,1.0876152183916836,cv.inf,1.1056617224503602,-0.07594354714332241,-2.1915301866511143,-1.6204101362929904,-2.0644801136001822,awful,NA,500,NA,NA,NA,0.021813557664090776,0.05
n_enet,"n x overlap x SNR (EN, bad/awful)",0.5,n_enet_05_r200.rds,1,200,0.03970577181405527,0.0118468016496326,0.21751441767856466,0.23077441106760427,0.060961445823029425,1.5043671931735652,3.7560717330551303,2.643625672139538,3.1380962009402475,1.1484594239701087,boot.inf,0.249806482832318,0.08247045968687727,5.672531683267206,5.672531683267206,21.500264984277507,bad,NA,2000,NA,NA,NA,0.6904024767801857,0.05
n_enet,"n x overlap x SNR (EN, bad/awful)",0.5,n_enet_05_r200.rds,3,200,0.06034924263738283,0.0118468016496326,0.30671604750349496,0.3346240000679151,0.09098954160232564,1.2059017565206105,2.6932462961513606,1.9252090665120578,2.264457819397082,1.0277126375642311,boot.inf,0.31521595816309284,-0.057999551439475994,-2.010684881849739,-2.010684881849739,3.2150825261844336,bad,NA,2000,NA,NA,NA,0.19857524487978628,0.05
n_enet,"n x overlap x SNR (EN, bad/awful)",0.5,n_enet_05_r200.rds,10,200,0.18429786708209597,0.0118468016496326,0.6421210101650637,0.8548746739621178,0.3313295475916036,1.0236750655580504,1.3964185141883234,1.1009613347079035,1.2226212122161662,1.0837381491286862,cv.bloss,0.6573232671769232,-0.23108814988002402,-5.0158346863799315,-4.88167650275991,-5.0158346863799315,bad,NA,2000,NA,NA,NA,0.021813557664090776,0.05
n_enet,"n x overlap x SNR (EN, bad/awful)",0.5,n_enet_06_r200.rds,1,200,0.06786178562945144,0.012138095090711499,0.37509842923067666,0.3996349105402038,0.06541344723797216,1.1478663141205458,2.4244388414728872,1.7610604131932006,2.111651814742558,1.0274925585841619,boot.inf,0.38541084477112814,-0.0355926506767098,-4.559960953176298,-4.559960953176298,7.658736629443856,awful,NA,2000,NA,NA,NA,0.6904024767801857,0.05
n_enet,"n x overlap x SNR (EN, bad/awful)",0.5,n_enet_06_r200.rds,3,200,0.08563186129367406,0.012138095090711499,0.42968924279625553,0.47118546234914627,0.09657262835543423,1.0698351171490765,2.11481113426533,1.5413966397020211,1.8425293248978407,1.0079248489231418,boot.inf,0.4330944651293151,-0.08084077346088814,-4.171765455759019,-4.171765455759019,-1.0487811556369093,awful,NA,2000,NA,NA,NA,0.19857524487978628,0.05
n_enet,"n x overlap x SNR (EN, bad/awful)",0.5,n_enet_06_r200.rds,10,200,0.24962141953954523,0.012138095090711499,0.692859701650641,0.958649488416924,0.3836127085080516,1.0666415362448345,1.35477828442816,1.0537910876977605,1.199074611983384,1.1694100520374695,cv.inf,0.7301293786243749,-0.23837712589814053,-4.631628781453889,-4.673658988032993,-5.36628141317931,awful,NA,2000,NA,NA,NA,0.021813557664090776,0.05
snr_enet,SNR x overlap (elastic net),0.5,snr_enet_01_r500.rds,1,500,0.007667669961202325,0.007667669961202325,0.07345507175838366,0.07345507175838366,0,2.4422856806977586,5.484806997139868,4.621537753265433,1.1519478515016262,1.1709513578905504,boot.smd,0.08461641209396784,0.15194785150162615,7.288006591565623,7.598673297586793,26.249114719324044,good,NA,NA,NA,NA,NA,0.6904024767801857,0.03162277660168379
snr_enet,SNR x overlap (elastic net),0.5,snr_enet_02_r500.rds,1,500,0.02891496435736204,0.010886298466116034,0.1413843583026738,0.14773618130028524,0.04492592443651744,1.9637944905866196,5.005503729358501,3.8343609979782354,3.1376873139179344,1.284370956241393,boot.inf,0.18158996347078085,0.22915024520422111,17.32848365244681,17.32848365244681,37.83973125600549,moderate,NA,NA,NA,NA,NA,0.6904024767801857,0.03162277660168379
snr_enet,SNR x overlap (elastic net),0.5,snr_enet_03_r500.rds,1,500,0.06923924273514147,0.011821580439270958,0.3037076712663666,0.3324234286489596,0.09455064886197029,1.309779256235515,2.9137075365003797,2.225950361772674,2.478272843629545,1.0732226410900525,boot.inf,0.32594594907579943,-0.019485628914562403,-3.1190838366143447,-3.1190838366143447,22.471636995259246,bad,NA,NA,NA,NA,NA,0.6904024767801857,0.03162277660168379
snr_enet,SNR x overlap (elastic net),0.5,snr_enet_04_r500.rds,1,500,0.09158981642291406,0.01239253972851969,0.4535515007608993,0.48664780413508457,0.0729714339356422,1.1001649348027902,2.144869644860085,1.6402659040387346,1.8816475407840771,1.0201910764047453,boot.inf,0.4627091937662495,-0.04919083198450047,-12.123846835242404,-12.123846835242404,5.00970676727696,awful,NA,NA,NA,NA,NA,0.6904024767801857,0.03162277660168379
snr_enet,SNR x overlap (elastic net),0.5,snr_enet_05_r500.rds,2,500,0.014783552396548003,0.007708156472167892,0.11926041273098592,0.12051390588979509,0.010510555263938626,1.6770852984193105,3.432525280711813,2.895229835076074,1.0308892558433986,1.0342602808712331,boot.smd,0.12294427813182265,0.020166736975980593,1.2916893750848146,1.384583357096847,16.079103507036198,good,NA,NA,NA,NA,NA,0.35794542536115564,0.03162277660168379
snr_enet,SNR x overlap (elastic net),0.5,snr_enet_06_r500.rds,2,500,0.03749493005586391,0.0106786905683592,0.19566256946807337,0.2090374818960447,0.0683570315177413,1.5362911111745101,3.6750311510468974,2.8191736191511576,2.3522694538067572,1.119391565024675,boot.inf,0.21902302985361585,0.047769174537497516,2.805415786560532,2.805415786560532,18.79828732655008,moderate,NA,NA,NA,NA,NA,0.35794542536115564,0.03162277660168379
snr_enet,SNR x overlap (elastic net),0.5,snr_enet_07_r500.rds,2,500,0.07129267317557832,0.012172173429158637,0.33274611792360714,0.3582973071872227,0.07678884256579566,1.2403189138396196,2.6694700464763397,2.0401669791146526,2.2637681411159765,1.0492171812068916,boot.inf,0.34912294390534304,-0.02560544859770808,-2.417091020529999,-2.417091020529999,12.207887308639464,bad,NA,NA,NA,NA,NA,0.35794542536115564,0.03162277660168379
snr_enet,SNR x overlap (elastic net),0.5,snr_enet_08_r500.rds,2,500,0.0916991055352417,0.012407327067541772,0.4674385174912452,0.4993560675587049,0.06828181434162084,1.0916799435451243,2.090680014889685,1.6068298514032335,1.839871118613542,1.0147596931411147,boot.inf,0.4743377665717536,-0.050101125453952955,-6.8052705147558,-6.8052705147558,2.527057706259783,awful,NA,NA,NA,NA,NA,0.35794542536115564,0.03162277660168379
snr_enet,SNR x overlap (elastic net),0.5,snr_enet_09_r500.rds,3,500,0.026203458715205213,0.007818187728150044,0.1870255376017344,0.19219914895284623,0.027662593127409707,1.28941798968569,2.3229118198600105,2.0261844131194393,1.0010265772991138,1.0023972652057078,boot.smd,0.1872175337729909,-0.025919028294331792,-2.1621005309055317,-1.9646974057614885,7.974334570860777,good,NA,NA,NA,NA,NA,0.19857524487978628,0.03162277660168379
snr_enet,SNR x overlap (elastic net),0.5,snr_enet_10_r500.rds,3,500,0.05182631745258568,0.010658145973762703,0.24799056790965976,0.2681674141975409,0.08136134554613927,1.2930416435978695,2.905680387641639,2.2511965123214486,1.9227607417438823,1.0365672913583992,boot.inf,0.2570589112605472,-0.041423761235997336,-1.9889544838656041,-1.9889544838656041,7.367077843011135,moderate,NA,NA,NA,NA,NA,0.19857524487978628,0.03162277660168379
snr_enet,SNR x overlap (elastic net),0.5,snr_enet_11_r500.rds,3,500,0.08197734927250705,0.012173376189342217,0.37712230217953335,0.4101347284231821,0.08753771933629317,1.1573469738864486,2.3772511192028567,1.822635142097075,2.020930306329652,1.0340821086134735,boot.inf,0.38997542544297936,-0.04915287973224769,-3.998944318094594,-3.998944318094594,4.171111143571544,bad,NA,NA,NA,NA,NA,0.19857524487978628,0.03162277660168379
snr_enet,SNR x overlap (elastic net),0.5,snr_enet_12_r500.rds,3,500,0.10294879531522905,0.012692008663386881,0.5147916858933073,0.5483331001194158,0.06515531455778056,1.058049167991465,1.9087633760298905,1.4826684557841194,1.689016775121927,1.0068405152259878,boot.inf,0.5183131262588724,-0.054747695978969224,-5.493161329622861,-5.493161329622861,-0.5606122995668891,awful,NA,NA,NA,NA,NA,0.19857524487978628,0.03162277660168379
snr_enet,SNR x overlap (elastic net),0.5,snr_enet_13_r500.rds,5,500,0.05136488212677292,0.007627521975269939,0.2719059082090832,0.2918033236811958,0.07317757676972736,1.0952986445750899,1.6862242009425614,1.4879779156113289,1.011215013172169,1.00873986288491,boot.inf,0.2742823285644275,-0.060043850411760635,-4.792177374220311,-4.792177374220311,0.7635100589588137,good,NA,NA,NA,NA,NA,0.08189496878442894,0.03162277660168379
snr_enet,SNR x overlap (elastic net),0.5,snr_enet_14_r500.rds,5,500,0.07630474425504127,0.010816000349025863,0.35884118079345295,0.40259723348519016,0.12193709928995844,1.105201524897984,2.0962240657964375,1.66529401695803,1.4503167102707513,0.9910916313572993,boot.inf,0.35564449127076286,-0.1166246022307913,-4.6395830648501635,-4.6395830648501635,-0.4892378699573496,moderate,NA,NA,NA,NA,NA,0.08189496878442894,0.03162277660168379
snr_enet,SNR x overlap (elastic net),0.5,snr_enet_15_r500.rds,5,500,0.110842598836083,0.011885288553437139,0.5012834239011318,0.5617305950689935,0.12058481945691413,1.0561099795003142,1.8362991538636682,1.442329487410146,1.582110180999579,0.9993914798373351,boot.inf,0.5009783828304782,-0.10815186634271445,-6.593152818929808,-6.593152818929808,-2.968004029358231,bad,NA,NA,NA,NA,NA,0.08189496878442894,0.03162277660168379
snr_enet,SNR x overlap (elastic net),0.5,snr_enet_16_r500.rds,5,500,0.14644650416947777,0.01244434200948233,0.625696994336067,0.6837215320617271,0.09273584219024511,1.0104617416745716,1.6114102261089647,1.2703563276619232,1.4328669545033736,0.9959086581418983,boot.inf,0.6231370540326514,-0.08860987286210853,-6.243144429386738,-6.243144429386738,-4.505624261544093,awful,NA,NA,NA,NA,NA,0.08189496878442894,0.03162277660168379
snr_enet,SNR x overlap (elastic net),0.5,snr_enet_17_r500.rds,10,500,0.10041954954843171,0.007775121024654869,0.4996793996487435,0.5667685199036946,0.13426433089319323,1.0066689601427112,1.2008067658629107,1.130433113336602,1.04972355855628,1.04670801037649,cv.bloss,0.5030117416491349,-0.11249174224671699,-4.889957514292864,-6.467371244186263,-4.889957514292864,good,NA,NA,NA,NA,NA,0.021813557664090776,0.03162277660168379
snr_enet,SNR x overlap (elastic net),0.5,snr_enet_18_r500.rds,10,500,0.14687983596867374,0.010855480399743296,0.6570471253738669,0.8014764576322455,0.21981578897586185,0.9937528740158156,1.2962749536991829,1.120736614123201,1.0720847062431549,1.0303030689959913,cv.bloss,0.6529424692041101,-0.18532545405880108,-6.650227689576476,-7.0778382512444695,-6.650227689576476,moderate,NA,NA,NA,NA,NA,0.021813557664090776,0.03162277660168379
snr_enet,SNR x overlap (elastic net),0.5,snr_enet_19_r500.rds,10,500,0.2743482416762749,0.012155332064213117,0.759703631880659,0.9512244990882442,0.25209944927270134,1.039858814732152,1.2770036466239625,1.0719696799465692,1.1349402391727914,1.1015285340352765,cv.bloss,0.7899845181951332,-0.16950780919505415,-6.749225897021127,-5.8623267901893,-6.749225897021127,bad,NA,NA,NA,NA,NA,0.021813557664090776,0.03162277660168379
snr_enet,SNR x overlap (elastic net),0.5,snr_enet_20_r500.rds,10,500,0.2886427521063159,0.012788667710583084,0.831537524040479,1.0186449791811847,0.22501384451244233,1.0521543106542888,1.2608496634493223,1.0536964913987585,1.1475392981974104,1.1125285291156322,cv.bloss,0.8749057903899842,-0.141108228802877,-5.838329760907034,-4.640002345630979,-5.838329760907034,awful,NA,NA,NA,NA,NA,0.021813557664090776,0.03162277660168379
spread,confounder spread x overlap x penalty,0,spread_01_r200.rds,1,200,0.009412386591263793,7.634676955485506e-4,0.07432121250086107,0.07632097401720324,0.02690700876709995,3.6807094053651666,6.058711555638862,5.246977786810483,1.8027341262113308,1.552906007576962,boot.inf,0.11541385738299118,0.5122167774873543,7.777946312123401,7.777946312123401,26.978292375965065,good,NA,NA,5,NA,NA,0.6904024767801857,0.05
spread,confounder spread x overlap x penalty,0,spread_02_r200.rds,1,200,0.0037960904131884377,0.001132619468517572,0.1673174426515404,0.1674851188242446,0.0010021440086998012,2.5920624983234934,4.536839046097316,3.5813268926026933,2.4833101615948703,1.4507735801102677,boot.inf,0.24273972529046964,0.4493211516015083,25.386271577846568,25.386271577846568,46.10928357695476,moderate,NA,NA,5,NA,NA,0.6904024767801857,0.05
spread,confounder spread x overlap x penalty,0,spread_03_r200.rds,1,200,0.001231586782565504,0.001231586782565504,0.3278363803666819,0.3278363803666819,0,1.6657985541737934,2.7661262538176934,2.1922471670659807,1.9302138285021786,1.118706268813129,boot.inf,0.36675261386121244,0.11870626881312907,21.953832599641814,21.953832599641814,54.66870127800965,bad,NA,NA,5,NA,NA,0.6904024767801857,0.05
spread,confounder spread x overlap x penalty,0,spread_04_r200.rds,1,200,0.0013143613955175508,0.0013143613955175508,0.5032804771850524,0.5032804771850524,0,1.2785860538421547,1.9770539888121585,1.5931635477860442,1.5149472628637395,1.0278138967506785,boot.inf,0.5172786684141096,0.02781389675067847,9.059568098338124,9.059568098338124,36.566915722591595,awful,NA,NA,5,NA,NA,0.6904024767801857,0.05
spread,confounder spread x overlap x penalty,0,spread_05_r200.rds,1,200,0.0076294086334171675,5.638683848976805e-4,0.08647364364865352,0.08830365290187933,0.021162624540966846,3.582876731284528,5.732230483767617,5.650829791060734,1.7048446271041617,1.6730476583541123,boot.inf,0.14467452701572772,0.6383753362557516,9.357711327208952,9.357711327208952,26.808223766173278,good,NA,NA,20,NA,NA,0.6904024767801857,0.05
spread,confounder spread x overlap x penalty,0,spread_06_r200.rds,1,200,7.122810275377976e-4,7.122810275377976e-4,0.19910907366345612,0.19910907366345612,0,2.4584335934930865,3.9303631879017193,3.785471312173246,1.8485419907586953,1.6690872487068413,boot.inf,0.33233041595350576,0.6690872487068413,38.106235585414204,38.106235585414204,52.55799397964352,moderate,NA,NA,20,NA,NA,0.6904024767801857,0.05
spread,confounder spread x overlap x penalty,0,spread_07_r200.rds,1,200,7.593688915558569e-4,7.593688915558569e-4,0.3960460248017924,0.3960460248017924,0,1.568790923389933,2.382308148859789,2.2956259515636983,1.4849066071234824,1.2971371309686788,boot.inf,0.5137260043429472,0.2971371309686788,40.815530773451016,40.815530773451016,51.947041186000895,bad,NA,NA,20,NA,NA,0.6904024767801857,0.05
spread,confounder spread x overlap x penalty,0,spread_08_r200.rds,1,200,0.0020726633618053042,0.0020726633618053042,0.5640207781915887,0.5640207781915887,0,1.2624551593542117,1.8135261490829369,1.7267694065647992,1.3171381817807686,1.1783374600346164,boot.inf,0.6646068111810244,0.17833746003461637,33.15061100434622,33.15061100434622,36.71683889074527,awful,NA,NA,20,NA,NA,0.6904024767801857,0.05
spread,confounder spread x overlap x penalty,0,spread_09_r200.rds,1,200,0.010872999050751559,4.1899412741458627e-4,0.08527857920585671,0.0884370780671587,0.03703742359118789,3.7125568111143177,5.822717032973887,6.123356396817884,1.696118388638026,1.7641010116133164,boot.smd,0.14464256634797795,0.6355421222548427,9.06028905742807,9.624477263632466,26.897870528455073,good,NA,NA,50,NA,NA,0.6904024767801857,0.05
spread,confounder spread x overlap x penalty,0,spread_10_r200.rds,1,200,5.350447622853104e-4,5.350447622853104e-4,0.20484088541992093,0.20484088541992093,0,2.4554799532649794,3.828571949467896,4.030394525186167,1.7302681688095232,1.9206428771247643,boot.smd,0.35442966371284795,0.7302681688095232,39.6213455563842,42.307136434880995,53.36376880881155,moderate,NA,NA,50,NA,NA,0.6904024767801857,0.05
spread,confounder spread x overlap x penalty,0,spread_11_r200.rds,1,200,5.443507095838391e-4,5.443507095838391e-4,0.417112559335901,0.417112559335901,0,1.54293873058311,2.2462401068681657,2.383370680727225,1.3319937465967144,1.5144646163570528,boot.smd,0.5555913206623712,0.33199374659671443,48.19708524329404,56.99227494105124,52.48890961461801,bad,NA,NA,50,NA,NA,0.6904024767801857,0.05
spread,confounder spread x overlap x penalty,0,spread_12_r200.rds,1,200,0.0023009309552381872,0.0023009309552381872,0.5674498743420182,0.5674498743420182,0,1.2662530372430747,1.772492786285595,1.8666716020749932,1.2011342763113397,1.347962244866016,boot.smd,0.6815834941607607,0.20113427631133973,37.53988040012439,51.81666011366338,37.88328784189586,awful,NA,NA,50,NA,NA,0.6904024767801857,0.05
spread,confounder spread x overlap x penalty,0.5,spread_13_r200.rds,1,200,0.007627043685483051,0.007627043685483051,0.07540985740595353,0.07540985740595353,0,2.457812350503716,5.3161283042188066,4.613523846786588,1.1552295725192683,1.16913951047062,boot.smd,0.08711569733481868,0.15522957251926828,5.582356691174199,5.825617792226728,19.656256135257127,good,NA,NA,5,NA,NA,0.6904024767801857,0.05
spread,confounder spread x overlap x penalty,0.5,spread_14_r200.rds,1,200,0.028950072238581596,0.01089951635802644,0.14243468841118612,0.148798015296559,0.0446754014513866,1.9649456449159488,4.972510246399931,3.7883502458866043,3.134939578044846,1.2669750739551855,boot.inf,0.18046119988354634,0.2127930572452974,11.022824790224654,11.022824790224654,25.94945495674101,moderate,NA,NA,5,NA,NA,0.6904024767801857,0.05
spread,confounder spread x overlap x penalty,0.5,spread_15_r200.rds,1,200,0.06774695245538416,0.012117555460439931,0.301831666428605,0.3289555461175008,0.08986426112884893,1.2965817187646764,2.9201145820765553,2.192883579296448,2.474928479759372,1.0714212317558258,boot.inf,0.3233888558278495,-0.0169223177883826,-1.732207975869516,-1.732207975869516,14.599972556841879,bad,NA,NA,5,NA,NA,0.6904024767801857,0.05
spread,confounder spread x overlap x penalty,0.5,spread_16_r200.rds,1,200,0.09195233615240736,0.01244159037984292,0.44976141008554343,0.4805951437471591,0.06855575638592737,1.097744124887634,2.1485601897849826,1.6436513884441628,1.8898050451972468,1.0219022199746313,boot.inf,0.45961218342533733,-0.04366036693217379,-6.250867209957151,-6.250867209957151,3.2046346868638076,awful,NA,NA,5,NA,NA,0.6904024767801857,0.05
spread,confounder spread x overlap x penalty,0.5,spread_17_r200.rds,1,200,0.006004619379206063,0.005222511716163888,0.08371236667275746,0.08374263320488158,3.615538937327134e-4,3.2338292582165766,5.698653548690375,5.775790209853791,1.3434340490384367,1.4303428568169598,boot.smd,0.11246204371377283,0.3429485007788975,6.957026134017978,7.923901668971079,23.91751455416824,good,NA,NA,20,NA,NA,0.6904024767801857,0.05
spread,confounder spread x overlap x penalty,0.5,spread_18_r200.rds,1,200,0.02190592247636126,0.006847168908640417,0.19651707896212656,0.1992965136912446,0.01414347670847338,2.11918181634387,3.9741977724449997,3.84696156121082,1.410838987253966,1.6570327354624215,boot.smd,0.2772539566610343,0.39116310429074264,19.46271618420283,26.574239161322907,37.70612010871763,moderate,NA,NA,20,NA,NA,0.6904024767801857,0.05
spread,confounder spread x overlap x penalty,0.5,spread_19_r200.rds,1,200,0.05401190330469864,0.007656047742491125,0.3898633613547728,0.4009349227979959,0.02839856867993329,1.3758846836210126,2.385085539034611,2.2767265709349154,1.5167834344465754,1.3819521686929572,cv.bloss,0.536407027593036,0.3378905081393855,27.1436352002672,30.45463718384816,27.1436352002672,bad,NA,NA,20,NA,NA,0.6904024767801857,0.05
spread,confounder spread x overlap x penalty,0.5,spread_20_r200.rds,1,200,0.07011043199518822,0.00787567332226666,0.547368183904032,0.5632069851611471,0.028936284064132067,1.1404066538920927,1.8429141249942425,1.7587639091862464,1.4843748979221925,1.2453396971908948,cv.bloss,0.62422231905298875,0.10833554181573879,17.19828933831127,32.17037410661608,17.19828933831127,awful,NA,NA,20,NA,NA,0.6904024767801857,0.05
spread,confounder spread x overlap x penalty,0.5,spread_21_r200.rds,1,200,0.004992515376122896,0.004342235268936836,0.07855179224884891,0.07860459968838217,6.722626947321952e-4,4.407032382341949,6.824456181436341,7.479193046353994,1.667038810600708,1.884458794121382,boot.smd,0.130948886321075,0.6659188754882668,10.919575810453763,12.774803764405785,33.96280088859799,good,NA,NA,50,NA,NA,0.6904024767801857,0.05
spread,confounder spread x overlap x penalty,0.5,spread_22_r200.rds,1,200,0.00518164133626941,0.00518164133626941,0.20845886267244942,0.20845886267244942,0,2.6227648326720314,4.020290491130872,4.308314967225929,1.6425870554595665,2.1436093482735434,boot.smd,0.3424118294215888,0.6425870554595665,34.64414367182655,43.51619372886134,53.50434926048406,moderate,NA,NA,50,NA,NA,0.6904024767801857,0.05
spread,confounder spread x overlap x penalty,0.5,spread_23_r200.rds,1,200,0.005607386741750984,0.005607386741750984,0.4204963989174291,0.4204963989174291,0,1.6057791786246522,2.3509770586841237,2.531839081227016,1.2787206599926764,1.6165109823518538,boot.smd,0.5376974327482387,0.27872065999267637,36.61927791985207,63.105233585732954,47.226942083263594,bad,NA,NA,50,NA,NA,0.6904024767801857,0.05
spread,confounder spread x overlap x penalty,0.5,spread_24_r200.rds,1,200,0.006016378331365034,0.006016378331365034,0.5873271806824264,0.5873271806824264,0,1.248813376880696,1.7837340379932602,1.9486890312574214,1.1474722596609184,1.3737141925549303,boot.smd,0.6739416471779403,0.14747225966091837,25.58421771251077,54.70232788203089,31.00413292074834,awful,NA,NA,50,NA,NA,0.6904024767801857,0.05
spread,confounder spread x overlap x penalty,1,spread_25_r200.rds,1,200,0.009570734463916939,0.0037748948865849986,0.07549037201046262,0.0774209598576512,0.025573961232049802,2.1557831803595535,5.360758686705417,4.309340668732336,1.0179018289000699,1.0300861857432488,boot.smd,0.07684178773379655,-0.007480818177913795,-0.24556124114288727,0.13724596379111295,12.879311514231244,good,NA,NA,5,NA,NA,0.6904024767801857,0.05
spread,confounder spread x overlap x penalty,1,spread_26_r200.rds,1,200,0.0466814875965963,0.0466814875965963,0.12877617027767296,0.12877617027767296,0,1.9163316433742437,5.740607251061225,4.264027010658615,4.14959096336932,1.4271224245115437,boot.inf,0.18377936034598402,0.4271224245115437,8.032688320194186,8.032688320194186,24.93004167746256,moderate,NA,NA,5,NA,NA,0.6904024767801857,0.05
spread,confounder spread x overlap x penalty,1,spread_27_r200.rds,1,200,0.11105178172931614,0.11105178172931614,0.26136186569872155,0.26136186569872155,0,1.3609306183487295,3.488210600854061,2.589335191001309,2.8365099731838024,1.5599970341841038,cv.bloss,0.35569536549813874,0.3609306183487295,16.822736585905865,25.443114051282382,16.822736585905865,bad,NA,NA,5,NA,NA,0.6904024767801857,0.05
spread,confounder spread x overlap x penalty,1,spread_28_r200.rds,1,200,0.17972127613886876,0.17972127613886876,0.41686156390032253,0.41686156390032253,0,1.095770113718064,2.436380605103884,1.7902598161888472,2.0330368878354808,1.2907176203746689,cv.bloss,0.45678444327974643,0.09577011371806399,11.403942441141297,37.16503395280503,11.403942441141297,awful,NA,NA,5,NA,NA,0.6904024767801857,0.05
spread,confounder spread x overlap x penalty,1,spread_29_r200.rds,1,200,0.004378762388448386,0.002749990395399811,0.0827446721657221,0.08314995068010272,0.004897940903904052,3.2248521915046977,5.777167327630793,5.884214594963538,1.29992152229304,1.389669315422185,boot.smd,0.107561580203304,0.2935856163898223,5.5822141903735165,6.664187853044359,23.099546051029513,good,NA,NA,20,NA,NA,0.6904024767801857,0.05
spread,confounder spread x overlap x penalty,1,spread_30_r200.rds,1,200,0.05094590704826515,0.05094590704826515,0.24188810211422967,0.24188810211422967,0,1.7758257275301241,3.352227788468668,3.2516568613397947,1.2648926708608188,1.5274585817662631,boot.smd,0.3059624875327224,0.2648926708608188,8.918354427186022,20.578764000120266,34.13503871765998,moderate,NA,NA,20,NA,NA,0.6904024767801857,0.05
spread,confounder spread x overlap x penalty,1,spread_31_r200.rds,1,200,0.0962660794261519,0.0962660794261519,0.4437086804022119,0.4437086804022119,0,1.303859094331874,2.1679840115824205,2.0994711214083392,1.5750180846560855,1.375797511840304,cv.bloss,0.5785335981764189,0.30385909433187397,23.944731688783573,38.4464170430314,23.944731688783573,bad,NA,NA,20,NA,NA,0.6904024767801857,0.05
spread,confounder spread x overlap x penalty,1,spread_32_r200.rds,1,200,0.12947278610598048,0.12947278610598048,0.5798082250357321,0.5798082250357321,0,1.1196843339689841,1.7991177768963917,1.7426246495413826,1.425178186617292,1.2314051000982276,cv.bloss,0.6492021862788726,0.11968433396898415,16.39725255931972,38.198602379007475,16.39725255931972,awful,NA,NA,20,NA,NA,0.6904024767801857,0.05
spread,confounder spread x overlap x penalty,1,spread_33_r200.rds,1,200,0.003385743366061516,0.0029447469157517776,0.07934251916046872,0.07940032814886486,7.286003646949091e-4,4.4953874427285445,7.044725842384851,7.7267460650502695,1.6893540907547322,1.918751430383051,boot.smd,0.13403760931452355,0.6881241229031345,10.904127579691684,12.636947282267586,31.97637305160648,good,NA,NA,50,NA,NA,0.6904024767801857,0.05
spread,confounder spread x overlap x penalty,1,spread_34_r200.rds,1,200,0.04691026894063793,0.04691026894063793,0.3105120912906649,0.3105120912906649,0,1.8689031077868983,2.7778939229395476,2.979632719375109,1.1080686261076471,1.4980835890949706,boot.smd,0.3440687063862594,0.10806862610764711,10.303717569461714,31.5997402533003,54.944449449602715,moderate,NA,NA,50,NA,NA,0.6904024767801857,0.05
spread,confounder spread x overlap x penalty,1,spread_35_r200.rds,1,200,0.08005813280625376,0.08005813280625376,0.5554583923551158,0.5554583923551158,0,1.2941079093664303,1.830573550306848,1.9668758003788864,1.0210763109661696,1.2605181224515367,boot.smd,0.5671654061611608,0.021076310966169576,2.9622319593987974,35.23261144554096,36.59069087936601,bad,NA,NA,50,NA,NA,0.6904024767801857,0.05
spread,confounder spread x overlap x penalty,1,spread_36_r200.rds,1,200,0.11814969735177804,0.11814969735177804,0.8279351307274286,0.8279351307274286,0,0.9733654527318707,1.3281144950589832,1.4381758176452166,0.8699624516813119,1.0035515074058834,boot.smd,0.7202724761607213,-0.13003754831868808,-29.382067694096648,0.8151250886052184,-5.9498453471271855,awful,NA,NA,50,NA,NA,0.6904024767801857,0.05
tune,"SNR x overlap, diluted confounding (lasso)",1,tune01_r500.rds,1,500,0.0057744671095377766,0.0030108119367911563,0.07434128336114756,0.0746753545058176,0.0044937500345147985,2.2316275206764526,5.522882985826645,4.6244222702850735,1.07098100973121,1.0836399458226085,boot.smd,0.07961810271883582,0.06618981919440592,3.5534976661222646,3.9272867865591943,23.872472406959545,good,NA,NA,NA,5,NA,0.6904024767801857,0.03162277660168379
tune,"SNR x overlap, diluted confounding (lasso)",1,tune02_r500.rds,1,500,0.026824423296201792,0.026824423296201792,0.12063211143305719,0.12063211143305719,0,2.176949913820068,6.167657100401913,4.651342355017662,4.427009153094491,1.4934072121664086,boot.inf,0.18015286523298948,0.4934072121664086,15.24633152844883,15.24633152844883,37.07311111831438,moderate,NA,NA,NA,5,NA,0.6904024767801857,0.03162277660168379
tune,"SNR x overlap, diluted confounding (lasso)",1,tune03_r500.rds,1,500,0.08142948320982674,0.08142948320982674,0.23205764942699544,0.23205764942699544,0,1.5979922164891533,3.960746540480791,2.920865730482112,3.219778961373481,1.8326087700383202,cv.bloss,0.37082631756110734,0.5979922164891533,32.912942462549964,49.038534151611515,32.912942462549964,bad,NA,NA,NA,5,NA,0.6904024767801857,0.03162277660168379
tune,"SNR x overlap, diluted confounding (lasso)",1,tune04_r500.rds,1,500,0.010330688789539546,0.0030823131097135695,0.0769981453816519,0.0776746847941126,0.008786437765576638,1.33296147482251,1.879836132217994,1.7270431877933317,1.0107708591102527,1.0105743062869037,boot.inf,0.07781234735444102,0.0017722963497477373,0.14662924049811413,0.14662924049811413,7.7674290213388,good,NA,NA,NA,100,NA,0.6904024767801857,0.03162277660168379
tune,"SNR x overlap, diluted confounding (lasso)",1,tune05_r500.rds,1,500,0.03625992195699099,0.02618259714729936,0.098802066376799,0.1010115508441542,0.022362735399975797,1.2974460959390464,2.1441871406239064,1.7424002443228603,1.6939568251744055,1.0530582648813978,boot.inf,0.10404433258544865,0.030024108292066476,1.3188129876204673,1.3188129876204673,7.5190957589713605,moderate,NA,NA,NA,100,NA,0.6904024767801857,0.03162277660168379
tune,"SNR x overlap, diluted confounding (lasso)",1,tune06_r500.rds,1,500,0.09373069989609605,0.09373069989609605,0.14368111890042867,0.14368111890042867,0,1.1730812467809995,1.7470918553929558,1.3878701659865857,1.4849632913598634,1.1533051858880403,boot.inf,0.16570817954206052,0.15330518588804032,6.455247693502962,6.455247693502962,7.5882854246683085,bad,NA,NA,NA,100,NA,0.6904024767801857,0.03162277660168379
tune,"SNR x overlap, diluted confounding (lasso)",1,tune07_r500.rds,5,500,0.030345759855466583,0.0035711252903635237,0.26290420861221053,0.29454987796626875,0.12036958069673309,1.1021425118727763,1.7826490978688494,1.5656702511704481,1.0192146107235738,1.0162930040230118,boot.inf,0.267187707940796,-0.09289486118410895,-5.831406980252276,-5.831406980252276,-0.5608625321980586,good,NA,NA,NA,5,NA,0.08189496878442894,0.03162277660168379
tune,"SNR x overlap, diluted confounding (lasso)",1,tune08_r500.rds,5,500,0.06539768770062117,0.02965705684348519,0.3729558181043395,0.42206918752219186,0.13168683000438475,1.068538647660377,2.0787702680029114,1.6332232480037783,1.589654838756164,1.020510699305773,boot.inf,0.38060540274381616,-0.09823930768742883,-5.0778773733604305,-5.0778773733604305,-2.232346658232285,moderate,NA,NA,NA,5,NA,0.08189496878442894,0.03162277660168379
tune,"SNR x overlap, diluted confounding (lasso)",1,tune09_r500.rds,5,500,0.1242612953185199,0.0984749514672327,0.5208503273400419,0.533150380280067,0.023615331112185167,1.027625273319953,1.8466048509995074,1.4113032050687357,1.5428277636509995,1.067795698198787,cv.bloss,0.5352389599915974,0.003917430782724551,0.21313482955329197,2.0634071038455506,0.21313482955329197,bad,NA,NA,NA,5,NA,0.08189496878442894,0.03162277660168379
tune,"SNR x overlap, diluted confounding (lasso)",1,tune10_r500.rds,5,500,0.09598911920443404,0.0033703620192519984,0.25773402676806584,0.291879856500065,0.1324847563210072,0.9992976983383545,1.02682444723876,1.0109230304799965,1.0449426550892225,1.0412854654573018,cv.bloss,0.25755301973280403,-0.11760604921105033,-5.5230492085586524,-6.0268438782004505,-5.5230492085586524,good,NA,NA,NA,100,NA,0.08189496878442894,0.03162277660168379
tune,"SNR x overlap, diluted confounding (lasso)",1,tune11_r500.rds,5,500,0.22202984668592976,0.01976543189388638,0.29102140182885283,0.43057155248062506,0.47951851573390636,1.0922751065713925,1.0529622211136507,1.0074348409208005,1.007054424648255,1.1753535441767096,boot.smd,0.293074390379084,-0.31933638279024057,-10.259119088965852,-9.91225867990342,-10.132252890412474,moderate,NA,NA,NA,100,NA,0.08189496878442894,0.03162277660168379
tune,"SNR x overlap, diluted confounding (lasso)",1,tune12_r500.rds,5,500,0.2982843470535873,0.09767467589438544,0.3386546677995006,0.4824458318648208,0.42459525214768723,1.221966920435994,1.0670956692226197,0.9957869641852863,1.003785938765932,1.1370770273560364,cv.inf,0.33722790355524135,-0.3010035919437042,-9.000155804793177,-8.094956263326186,-6.7647817976353695,bad,NA,NA,NA,100,NA,0.08189496878442894,0.03162277660168379
tune2,"SNR x overlap, fixed confounding (lasso)",1,tune2_01_r500.rds,1,500,0.0049055566458985796,0.003710873703864165,0.07373148758635428,0.07376647495454237,4.7452410541848344e-4,2.2918010616876905,5.62673859705444,4.676112410991561,1.0863329127853807,1.0967458292360406,boot.smd,0.08009694167368339,0.08581766612871333,4.540425712900336,4.808559084950433,25.82157045942941,good,NA,NA,NA,NA,FALSE,0.6904024767801857,0.03162277660168379
tune2,"SNR x overlap, fixed confounding (lasso)",1,tune2_02_r500.rds,1,500,0.024545518344535763,0.024545518344535763,0.11722785772641835,0.11722785772641835,0,2.1977401234420975,6.309180158696821,4.745148570640675,4.523214643588376,1.484837187622786,boot.inf,0.1740642825775391,0.48483718762278594,13.62188403548534,13.62188403548534,32.352145850989196,moderate,NA,NA,NA,NA,FALSE,0.6904024767801857,0.03162277660168379
tune2,"SNR x overlap, fixed confounding (lasso)",1,tune2_03_r500.rds,1,500,0.0991821608545915,0.0991821608545915,0.2542081074897063,0.2542081074897063,0,1.4541349355894675,3.609319871491973,2.678528050794177,2.9476318691928873,1.6684290947691873,cv.bloss,0.3696528900108645,0.4541349355894675,33.27978563520323,46.36956585638051,33.27978563520323,bad,NA,NA,NA,NA,FALSE,0.6904024767801857,0.03162277660168379
tune2,"SNR x overlap, fixed confounding (lasso)",1,tune2_04_r500.rds,1,500,0.0057517630177263334,0.002998974004503519,0.09061803189670252,0.09083842771820046,0.0024321408982836967,2.084579836766489,4.812639658105604,4.034481469586873,1.0574859124903015,1.0647145084945278,boot.smd,0.09582729214835972,0.054920197932484704,3.4597623428090976,3.7231804242868964,18.86427375434073,good,NA,NA,NA,NA,TRUE,0.6904024767801857,0.03162277660168379
tune2,"SNR x overlap, fixed confounding (lasso)",1,tune2_05_r500.rds,1,500,0.019089118247421738,0.013157388749354175,0.14056057169067623,0.1406281860356548,4.810335086524731e-4,2.1280407842765494,5.649791652708202,4.271261528338974,4.047610949649527,1.5163798039946568,boot.inf,0.2131432121496845,0.5156507252084179,13.535256248017708,13.535256248017708,24.81345643648499,moderate,NA,NA,NA,NA,TRUE,0.6904024767801857,0.03162277660168379
tune2,"SNR x overlap, fixed confounding (lasso)",1,tune2_06_r500.rds,1,500,0.09380931615056638,0.09380931615056638,0.2611891900906946,0.2611891900906946,0,1.5320251778472844,3.7394785644272255,2.7741531491529896,3.0649732194915997,1.7600724065201818,cv.bloss,0.4001484154004845,0.5320251778472844,26.098554667152705,35.62643921221378,26.098554667152705,bad,NA,NA,NA,NA,TRUE,0.6904024767801857,0.03162277660168379
tune2,"SNR x overlap, fixed confounding (lasso)",1,tune2_07_r500.rds,5,500,0.03508137247093517,0.0034274850219826597,0.26950676987598526,0.29929426873948745,0.11052597631298466,1.0718184918751856,1.7157333468967615,1.502482587540254,1.0220937120740878,1.017264739177828,boot.inf,0.27415973396455307,-0.08397933873171504,-6.199983977760255,-6.199983977760255,-1.2457447164858588,good,NA,NA,NA,NA,FALSE,0.08189496878442894,0.03162277660168379
tune2,"SNR x overlap, fixed confounding (lasso)",1,tune2_08_r500.rds,5,500,0.06365823267471374,0.04387715050752414,0.36806030453137656,0.3782387264956279,0.02765422361210823,1.068282342059036,2.0866658762575065,1.625974612190985,1.572845412635168,1.0156004487275732,boot.inf,0.37380221044087325,-0.011729407234047251,-0.773396243939418,-0.773396243939418,1.7677704494937543,moderate,NA,NA,NA,NA,FALSE,0.08189496878442894,0.03162277660168379
tune2,"SNR x overlap, fixed confounding (lasso)",1,tune2_09_r500.rds,5,500,0.12165814379366482,0.0664530507189901,0.5332930286942358,0.5618682936049741,0.05358267101429148,1.0100589718523443,1.795808162317877,1.3667942531417612,1.4841988945111628,1.044071935918137,cv.bloss,0.5386574082589225,-0.041310188900550826,-1.976962306114993,-0.4004595469291304,-1.976962306114993,bad,NA,NA,NA,NA,FALSE,0.08189496878442894,0.03162277660168379
tune2,"SNR x overlap, fixed confounding (lasso)",1,tune2_10_r500.rds,5,500,0.023357359601931974,0.003468493769893358,0.27917763563130493,0.2999410337901697,0.07437342934691893,1.1263164795173526,1.8361954806740615,1.582124850240137,1.0046820174124254,1.0018643822664832,boot.inf,0.27969812946437467,-0.06748961310827639,-5.612445201354252,-5.612445201354252,1.777261109077789,good,NA,NA,NA,NA,TRUE,0.08189496878442894,0.03162277660168379
tune2,"SNR x overlap, fixed confounding (lasso)",1,tune2_11_r500.rds,5,500,0.05689198168142156,0.035729822566282286,0.37864645375074657,0.4020346930985711,0.06176801371344798,1.1132871553293238,2.185621136316495,1.7147626515259058,1.6604852332714595,1.0296251313892095,boot.inf,0.3898639046931707,-0.030272980452501264,-1.4857159894666938,-1.4857159894666938,1.7787223442309716,moderate,NA,NA,NA,NA,TRUE,0.08189496878442894,0.03162277660168379
tune2,"SNR x overlap, fixed confounding (lasso)",1,tune2_12_r500.rds,5,500,0.11931555900105169,0.05938363487396926,0.5166050068551199,0.5558480403740961,0.07596332400623007,1.0490874623451647,1.9664854808333052,1.5124137642468989,1.649266794332407,1.1074092442768122,cv.bloss,0.5419638356764441,-0.024978418001271763,-1.093724642156043,1.242446854609687,-1.093724642156043,bad,NA,NA,NA,NA,TRUE,0.08189496878442894,0.03162277660168379
tune4,SNR x overlap (lasso),1,tune4_01_r500.rds,1,500,0.005068104217285136,0.0038338349806011627,0.07321713536360737,0.07328333643953916,9.041746252844707e-4,2.285565784358002,5.6290498066109675,4.670235959748724,1.0889766314501403,1.1019799858725117,boot.smd,0.0797317494326901,0.08799289588119485,4.471139749000869,4.7926879850429955,23.668390478421518,good,NA,NA,NA,NA,NA,0.6904024767801857,0.03162277660168379
tune4,SNR x overlap (lasso),1,tune4_02_r500.rds,1,500,0.026467866061199427,0.026467866061199427,0.11592452600459915,0.11592452600459915,0,2.1863887712344567,6.291580535249345,4.695030067302226,4.549391242870569,1.5069120541674381,boot.inf,0.1746880656099771,0.5069120541674381,15.21697383829102,15.21697383829102,31.145428277551904,moderate,NA,NA,NA,NA,NA,0.6904024767801857,0.03162277660168379
tune4,SNR x overlap (lasso),1,tune4_03_r500.rds,1,500,0.09195275336464466,0.09195275336464466,0.24067422995265234,0.24067422995265234,0,1.535396420594942,3.8178048436728265,2.835326168126826,3.1230104743409974,1.7621450273498356,cv.bloss,0.3695303511987464,0.535396420594942,32.21123094953655,46.967088785311674,32.21123094953655,bad,NA,NA,NA,NA,NA,0.6904024767801857,0.03162277660168379
tune4,SNR x overlap (lasso),1,tune4_04_r500.rds,1,500,0.16845106401777246,0.16845106401777246,0.40211542656415705,0.40211542656415705,0,1.164298106897868,2.518574138193907,1.8698229704546483,2.129289930542429,1.3568243950891778,cv.bloss,0.46818222990307673,0.16429810689786795,22.526935449412964,56.36479306585831,22.526935449412964,awful,NA,NA,NA,NA,NA,0.6904024767801857,0.03162277660168379
tune4,SNR x overlap (lasso),1,tune4_05_r500.rds,2,500,0.010724201632657231,0.003352080701844918,0.11869923035407182,0.12226044530352627,0.03000200539490927,1.592404760568948,3.525967922939912,2.923378751760521,1.0097125682532246,1.0127698975378905,boot.smd,0.11985210473049096,-0.019698444309247498,-1.2138314610484522,-0.9618278814220558,13.464746522610676,good,NA,NA,NA,NA,NA,0.35794542536115564,0.03162277660168379
tune4,SNR x overlap (lasso),1,tune4_06_r500.rds,2,500,0.03946161683638813,0.03946161683638813,0.18278568985566615,0.18278568985566615,0,1.5217266883259286,4.053057552923574,3.0389002513223615,2.9337794645336546,1.1538453967848916,boot.inf,0.21090642683811126,0.15384539678489162,8.235998237728893,8.235998237728893,20.210439832057595,moderate,NA,NA,NA,NA,NA,0.35794542536115564,0.03162277660168379
tune4,SNR x overlap (lasso),1,tune4_07_r500.rds,2,500,0.12516112238209567,0.12516112238209567,0.3291380556155976,0.3291380556155976,0,1.1817842279756312,2.8093999938545253,2.0838592265700098,2.287635144422037,1.3249818657404495,cv.bloss,0.3889701629530794,0.1817842279756312,20.30105093966857,31.13618607245521,20.30105093966857,bad,NA,NA,NA,NA,NA,0.35794542536115564,0.03162277660168379
tune4,SNR x overlap (lasso),1,tune4_08_r500.rds,2,500,0.1275791041405351,0.1275791041405351,0.4044760848120642,0.4044760848120642,0,1.1994806091946206,2.525941617431619,1.879621131120053,2.129521969321657,1.3737821069675866,cv.bloss,0.4851612206150298,0.19948060919462063,16.47070857892768,28.49359394901591,16.47070857892768,awful,NA,NA,NA,NA,NA,0.35794542536115564,0.03162277660168379
tune4,SNR x overlap (lasso),1,tune4_09_r500.rds,3,500,0.017319715153880273,0.0033999304894185476,0.18547943836481703,0.19430485378146856,0.047581637589892534,1.2472927166727827,2.386078877122177,2.0457579053607393,1.000430515504296,1.000925893559248,boot.smd,0.1855592901387612,-0.045009496533438775,-3.603870203205327,-3.3800945997687974,6.044879072204389,good,NA,NA,NA,NA,NA,0.19857524487978628,0.03162277660168379
tune4,SNR x overlap (lasso),1,tune4_10_r500.rds,3,500,0.04969911303350503,0.037595556421838844,0.2421421065348679,0.2466648715181799,0.018678143376359646,1.2442970597146559,3.0730529712910646,2.333041094569984,2.234127797064087,1.0655711725451036,boot.inf,0.2580196483829006,0.046033214193954786,2.320332795058092,2.320332795058092,8.609376362502267,moderate,NA,NA,NA,NA,NA,0.19857524487978628,0.03162277660168379
tune4,SNR x overlap (lasso),1,tune4_11_r500.rds,3,500,0.09038538642828696,0.09038538642828696,0.35945375996306633,0.35945375996306633,0,1.1651840354626124,2.5959688955325246,1.9356496574485884,2.1220741965490673,1.291075897152708,cv.bloss,0.4188297825959748,0.1651840354626124,9.02749176179434,14.979242262488443,9.02749176179434,bad,NA,NA,NA,NA,NA,0.19857524487978628,0.03162277660168379
tune4,SNR x overlap (lasso),1,tune4_12_r500.rds,3,500,0.18073647957911884,0.18073647957911884,0.5110599710062029,0.5110599710062029,0,1.0435910643989317,2.000935290680198,1.5081848193647491,1.7081352582229725,1.1406814145949398,cv.bloss,0.5333376191140504,0.04359106439893168,7.441914236576102,15.675896979375128,7.441914236576102,awful,NA,NA,NA,NA,NA,0.19857524487978628,0.03162277660168379
tune4,SNR x overlap (lasso),1,tune4_13_r500.rds,5,500,0.03240756502977161,0.003022340361110061,0.2698316466633528,0.2964640842643863,0.09870020040407135,1.079001637475705,1.7344302607776125,1.5028641103033535,1.0215390929880834,1.0172260817000207,boot.inf,0.27447978865402684,-0.074155004863098,-5.290754403318143,-5.290754403318143,-0.6554107761971562,good,NA,NA,NA,NA,NA,0.08189496878442894,0.03162277660168379
tune4,SNR x overlap (lasso),1,tune4_14_r500.rds,5,500,0.06364199244137371,0.036418287932312804,0.35918815613438615,0.38640116312440326,0.0757625398423094,1.083499269198929,2.156494483824899,1.6767851676939889,1.6317275991872116,1.006119158682814,boot.inf,0.36138608545875983,-0.06473861896111766,-3.267251427000517,-3.267251427000517,0.26986055435233613,moderate,NA,NA,NA,NA,NA,0.08189496878442894,0.03162277660168379
tune4,SNR x overlap (lasso),1,tune4_15_r500.rds,5,500,0.12221121099209406,0.09244829933156033,0.5117084185818845,0.5239186735329754,0.023861743343855046,1.0249585463020827,1.859509485251783,1.4284796078979005,1.550393293513333,1.0632162993724728,cv.bloss,0.524479916840226,0.0010712412738906885,0.06410378460481572,1.9889493681700408,0.06410378460481572,bad,NA,NA,NA,NA,NA,0.08189496878442894,0.03162277660168379
tune4,SNR x overlap (lasso),1,tune4_16_r500.rds,5,500,0.21344966525963802,0.17720966201044067,0.6451064267808352,0.6652651480905637,0.0312486753702379,1.002219898921151,1.6245496820445233,1.2445259454877375,1.3915959380918523,1.0079606785156372,cv.bloss,0.6465384978416736,-0.02814915271398044,-2.654733984885343,-1.3569088633743531,-2.654733984885343,awful,NA,NA,NA,NA,NA,0.08189496878442894,0.03162277660168379
tune4,SNR x overlap (lasso),1,tune4_17_r500.rds,10,500,0.057729039783999445,0.003227521034510375,0.4973526239883685,0.5777323752242353,0.16161521495812314,1.0063968751204553,1.2172292464217682,1.1348010855978135,1.0617039443085174,1.056022299830937,cv.bloss,0.5005341266148529,-0.13362285362564186,-5.454796592459793,-6.422763936778989,-5.454796592459793,good,NA,NA,NA,NA,NA,0.021813557664090776,0.03162277660168379
tune4,SNR x overlap (lasso),1,tune4_18_r500.rds,10,500,0.1344492691556778,0.03488991086639836,0.6651577030079472,0.7766578733765315,0.16762967618711033,0.9954921921931238,1.3115313018242185,1.1148682298159942,1.092249507824152,1.0391371679524122,cv.bloss,0.6621592999215241,-0.14742472506873994,-5.726570819844288,-5.631427248127627,-5.726570819844288,moderate,NA,NA,NA,NA,NA,0.021813557664090776,0.03162277660168379
tune4,SNR x overlap (lasso),1,tune4_19_r500.rds,10,500,0.22882022466004284,0.08223372499381065,0.7661140615819393,1.077055181661342,0.40586791924605103,1.0822294248233735,1.3071028454065654,1.0674260192585654,1.1264010348302835,1.0254386118693035,boot.inf,0.7856029398421379,-0.2706010302737166,-9.137825693386853,-9.137825693386853,-8.687067584848524,bad,NA,NA,NA,NA,NA,0.021813557664090776,0.03162277660168379
tune4,SNR x overlap (lasso),1,tune4_20_r500.rds,10,500,0.2767954481110458,0.11437222238903223,0.83538367647198,1.266130332142614,0.5156273312518838,1.1489980070043175,1.2962825741616097,1.0580804714949592,1.1470436526135972,1.0268008689025099,boot.inf,0.8577726848684023,-0.32252418010013784,-10.314358495360059,-10.314358495360059,-9.720497630757487,awful,NA,NA,NA,NA,NA,0.021813557664090776,0.03162277660168379
tunea3,"overlap x density, ridge/EN",0,tunea3_01_r500.rds,1,500,0.057746552490329346,0.057746552490329346,0.09529712212926596,0.09529712212926596,0,2.875794818943696,4.713274112569224,4.111081444248503,1.4385331326045105,1.2495360547624106,boot.inf,0.11907719001561459,0.2495360547624106,21.89846946465904,21.89846946465904,51.12656816198436,good,NA,NA,NA,NA,FALSE,0.6904024767801857,0.03162277660168379
tunea3,"overlap x density, ridge/EN",0,tunea3_02_r500.rds,1,500,0.10235379944501785,0.10235379944501785,0.2334516877045147,0.2334516877045147,0,1.8338063322526514,3.205630914933135,2.5687094191740587,1.743500574238336,1.0109332284020507,boot.inf,0.23600406832703233,0.010933228402050688,7.043687280396838,7.043687280396838,82.53737235084087,moderate,NA,NA,NA,NA,FALSE,0.6904024767801857,0.03162277660168379
tunea3,"overlap x density, ridge/EN",0,tunea3_03_r500.rds,1,500,0.10685973102803216,0.10685973102803216,0.3976305226600861,0.3976305226600861,0,1.3887087014675714,2.2892150482704987,1.8225180143420285,1.6010387677475617,0.9976738431122547,boot.inf,0.39670557168102255,-0.00232615688774529,-9.456609962503629,-9.456609962503629,75.60892970680729,bad,NA,NA,NA,NA,FALSE,0.6904024767801857,0.03162277660168379
tunea3,"overlap x density, ridge/EN",0,tunea3_04_r500.rds,1,500,0.11675330804528528,0.11675330804528528,0.5504315012418217,0.5504315012418217,0,1.1643967648477669,1.8088646408099922,1.4556326645525768,1.385523118020009,0.9964541853695985,boot.inf,0.5484797731716846,-0.0035458146304014893,-18.35080367567884,-18.35080367567884,64.69159116554177,awful,NA,NA,NA,NA,FALSE,0.6904024767801857,0.03162277660168379
tunea3,"overlap x density, ridge/EN",0,tunea3_05_r500.rds,1,500,0.06257238001601867,0.06257238001601867,0.11308584824576946,0.11308584824576946,0,2.5455108854733144,4.197396649730451,3.6211280859151227,1.3426930549459906,1.1881778629000594,boot.inf,0.1343661014928988,0.18817786290005944,17.671412781872483,17.671412781872483,39.53261291590559,good,NA,NA,NA,NA,TRUE,0.6904024767801857,0.03162277660168379
tunea3,"overlap x density, ridge/EN",0,tunea3_06_r500.rds,1,500,0.0956921330130964,0.0956921330130964,0.23696797515267903,0.23696797515267903,0,1.8574290554250752,3.297929533767403,2.597061352952783,1.7599348455888566,1.0272946119955575,boot.inf,0.2434359240898443,0.027294611995557494,16.775340994637606,16.775340994637606,66.97089350896191,moderate,NA,NA,NA,NA,TRUE,0.6904024767801857,0.03162277660168379
tunea3,"overlap x density, ridge/EN",0,tunea3_07_r500.rds,1,500,0.10887396125084974,0.10887396125084974,0.41149631670271386,0.41149631670271386,0,1.3789325353422035,2.318014554302405,1.8199869917318898,1.5925111907211391,0.9962398088859747,boot.inf,0.4099490119091942,-0.0037601911140252575,-13.735118434093668,-13.735118434093668,68.69911798241363,bad,NA,NA,NA,NA,TRUE,0.6904024767801857,0.03162277660168379
tunea3,"overlap x density, ridge/EN",0,tunea3_08_r500.rds,1,500,0.11287070646601387,0.11287070646601387,0.5588860105412481,0.5588860105412481,0,1.171987771483109,1.8613561225936062,1.4760459016339336,1.4025113629914594,0.9988004036940319,boot.inf,0.5582155729475455,-0.0011995963059681092,-10.503879877104566,-10.503879877104566,62.95206584061158,awful,NA,NA,NA,NA,TRUE,0.6904024767801857,0.03162277660168379
tunea3,"overlap x density, ridge/EN",0.5,tunea3_09_r500.rds,1,500,0.008366800290197521,0.0066305461439241315,0.07262661953876426,0.07265242029579146,3.5525207136233306e-4,2.450963644094377,5.486911856263183,4.664560680635369,1.1131185905039143,1.1286049992491118,boot.smd,0.0808420403740533,0.11272329324913422,5.428453408381291,5.875967126780181,25.344816259953593,good,NA,NA,NA,NA,FALSE,0.6904024767801857,0.03162277660168379
tunea3,"overlap x density, ridge/EN",0.5,tunea3_10_r500.rds,1,500,0.027092070992020233,0.009736385491188732,0.1513595743513729,0.15702140881860807,0.037406516842413584,1.8865500881606263,4.709748716904307,3.6310683113089812,2.988495893160536,1.2535865360797993,boot.inf,0.1897423245136504,0.20838505998148116,16.60086067574437,16.60086067574437,38.58406027919376,moderate,NA,NA,NA,NA,FALSE,0.6904024767801857,0.03162277660168379
tunea3,"overlap x density, ridge/EN",0.5,tunea3_11_r500.rds,1,500,0.07093878782012467,0.011035777989111348,0.301216428762718,0.3301939928822847,0.09620180492344144,1.2931537510621522,2.9187231813308316,2.2083664453048124,2.4649432537333027,1.0671357020432504,boot.inf,0.3214388051746638,-0.02651528463978492,-4.398207568933726,-4.398207568933726,23.072244500116167,bad,NA,NA,NA,NA,FALSE,0.6904024767801857,0.03162277660168379
tunea3,"overlap x density, ridge/EN",0.5,tunea3_12_r500.rds,1,500,0.09153124787359208,0.011821715252953223,0.44640235254344607,0.4809522317927112,0.07739627502501234,1.1047761901678241,2.1746044775731397,1.6614666071140585,1.9065574037172366,1.0235168920756086,boot.inf,0.45690034849050803,-0.050008881781360426,-12.20576270857663,-12.20576270857663,5.018463158661785,awful,NA,NA,NA,NA,FALSE,0.6904024767801857,0.03162277660168379
tunea3,"overlap x density, ridge/EN",0.5,tunea3_13_r500.rds,1,500,0.006830125880528781,0.006830125880528781,0.09417434811094197,0.09417434811094197,0,2.201793129592464,4.666795304721532,4.060560234096374,1.111895199841041,1.125530360731354,boot.smd,0.10471200561271558,0.1118951998410409,6.219897246715834,6.54001271147138,20.163067917585593,good,NA,NA,NA,NA,TRUE,0.6904024767801857,0.03162277660168379
tunea3,"overlap x density, ridge/EN",0.5,tunea3_14_r500.rds,1,500,0.027761004066540487,0.009090477262673539,0.1680597844387302,0.17491218858145482,0.04077361021025716,1.8843376590460668,4.576651474740483,3.504136016483748,2.9393218241732506,1.2480114108039457,boot.inf,0.2097405286767867,0.19911900009822747,13.076286067991438,13.076286067991438,26.86815897243201,moderate,NA,NA,NA,NA,TRUE,0.6904024767801857,0.03162277660168379
tunea3,"overlap x density, ridge/EN",0.5,tunea3_15_r500.rds,1,500,0.06417794234663629,0.00998400938752073,0.30041547833019366,0.32634893187260205,0.08632529084904306,1.3686451382009035,3.1022931003003427,2.3586910671055903,2.628153531569281,1.0965297795283524,boot.inf,0.32941451822031176,0.00939358474415486,1.056207122246557,1.056207122246557,18.731481905243367,bad,NA,NA,NA,NA,TRUE,0.6904024767801857,0.03162277660168379
tunea3,"overlap x density, ridge/EN",0.5,tunea3_16_r500.rds,1,500,0.08325696248176997,0.011801459320167535,0.4728348352036457,0.5004141032092638,0.05832748763897655,1.1256375303120436,2.19776959448934,1.6852836966314277,1.9280571912511852,1.0364719694118174,boot.inf,0.4900800528500348,-0.02065099742983767,-3.564006231937393,-3.564006231937393,7.716648508612594,awful,NA,NA,NA,NA,TRUE,0.6904024767801857,0.03162277660168379
tunea4,"overlap, ridge/EN, floor 1e-4",0,tunea4_01_r200.rds,1,200,0.0071333489832256574,7.385312018184423e-4,0.07359110361475676,0.07464826285323373,0.014365313014071734,3.7086998123790504,6.075859250104305,5.135037542991041,1.8368913521237875,1.5778085209244395,boot.inf,0.11611267034759654,0.5554637966041642,8.442825309593335,8.442825309593335,26.636297875796664,good,NA,NA,NA,NA,NA,0.6904024767801857,0.05
tunea4,"overlap, ridge/EN, floor 1e-4",0,tunea4_02_r200.rds,1,200,0.0010917769575951306,0.0010917769575951306,0.1560352049327393,0.1560352049327393,0,2.735569343365838,4.802530207679773,3.8400075968070064,2.629340076512458,1.4990810511058685,boot.inf,0.23390941902009044,0.49908105110586853,24.490961459664486,24.490961459664486,45.6470586198108,moderate,NA,NA,NA,NA,NA,0.6904024767801857,0.05
tunea4,"overlap, ridge/EN, floor 1e-4",0,tunea4_03_r200.rds,1,200,0.0012342199130951797,0.0012342199130951797,0.3313338365798893,0.3313338365798893,0,1.6676288237728063,2.7530319095172113,2.200133989758346,1.9273082962739383,1.1217853853824062,boot.inf,0.3716854555580023,0.12178538538240624,21.44294726671707,21.44294726671707,53.314403163048944,bad,NA,NA,NA,NA,NA,0.6904024767801857,0.05
tunea4,"overlap, ridge/EN, floor 1e-4",0,tunea4_04_r200.rds,1,200,0.0012659963737541998,0.0012659963737541998,0.48579868704957413,0.48579868704957413,0,1.3070436338985916,2.0426531281066254,1.6361021360814225,1.558796373246511,1.0338486993407752,boot.inf,0.5022423407476585,0.03384869934077517,12.286938810900024,12.286938810900024,40.16562092928181,awful,NA,NA,NA,NA,NA,0.6904024767801857,0.05
tunea4,"overlap, ridge/EN, floor 1e-4",0.5,tunea4_05_r200.rds,1,200,0.006872311126255386,7.715322230986725e-5,0.07620246947248288,0.07829425465613273,0.02745035952417796,2.3757790628107816,5.3388088847625195,4.473157330347669,1.1302663228820669,1.144945424204868,boot.smd,0.08612908496519618,0.10006903244016985,2.1510848065680164,2.3870421932069577,14.974396680705102,good,NA,NA,NA,NA,NA,0.6904024767801857,0.05
tunea4,"overlap, ridge/EN, floor 1e-4",0.5,tunea4_06_r200.rds,1,200,0.032067122015289634,1.0318051060678049e-4,0.1492200837526497,0.1648982397890844,0.10506733170330573,1.865803907436758,4.796294103116765,3.612026063578869,2.815722712803669,1.2275861577538474,boot.inf,0.18318050927362256,0.11087000994020535,6.134289807337907,6.134289807337907,24.02192836603493,moderate,NA,NA,NA,NA,NA,0.6904024767801857,0.05
tunea4,"overlap, ridge/EN, floor 1e-4",0.5,tunea4_07_r200.rds,1,200,0.061671521526527266,1.1926604671817332e-4,0.2967384059565352,0.33309377646504773,0.12251656603506067,1.329629534606271,2.9948609753713202,2.273183257941458,2.527508586077109,1.0903413802857163,boot.inf,0.32354616313443185,-0.028663439563295867,-2.59642860910039,-2.59642860910039,13.194422379233348,bad,NA,NA,NA,NA,NA,0.6904024767801857,0.05
tunea4,"overlap, ridge/EN, floor 1e-4",0.5,tunea4_08_r200.rds,1,200,0.08944765061889194,0.003049525397789177,0.4618876274065981,0.5037635428747567,0.09066256159162145,1.103002009566134,2.1201175205588503,1.6344581287764628,1.8622610948046017,1.0227694176139683,boot.inf,0.4724045396857439,-0.062249449434273685,-9.166089226026353,-9.166089226026353,1.3045046653745942,awful,NA,NA,NA,NA,NA,0.6904024767801857,0.05
tunen2,n x overlap x SNR (lasso),1,tunen2_01_r500.rds,1,500,0.08160400868573177,0.08160400868573177,0.2221912922303065,0.2221912922303065,0,1.5648350149619943,2.6563289548327202,2.564538129436718,1.1882996704364412,1.0921263170886062,boot.inf,0.2426609576726429,0.09212631708860619,8.712509416557728,8.712509416557728,32.879001869359406,good,NA,250,NA,NA,NA,0.6904024767801857,0.03162277660168379
tunen2,n x overlap x SNR (lasso),1,tunen2_01_r500.rds,3,500,0.08160400868573177,0.08160400868573177,0.36563337127394707,0.36563337127394707,0,1.1956902622045826,1.7512811322862112,1.699999229964197,1.0547367493485682,1.018010214428552,boot.inf,0.37221850669282525,0.018010214428552107,2.094220384024245,2.094220384024245,11.32446518203233,good,NA,250,NA,NA,NA,0.19857524487978628,0.03162277660168379
tunen2,n x overlap x SNR (lasso),1,tunen2_01_r500.rds,10,500,0.14260532273278997,0.08160400868573177,0.991423966719623,1.0457465637767582,0.05479249935511987,1.0033491425827668,1.072909329203996,1.0666826844715258,1.032935882063416,1.028248609887883,cv.bloss,0.9947443869441391,-0.04877106805727627,-3.1047193175648182,-2.5877502732156024,-3.1047193175648182,good,NA,250,NA,NA,NA,0.021813557664090776,0.03162277660168379
tunen2,n x overlap x SNR (lasso),1,tunen2_02_r500.rds,1,500,0.15309532235996032,0.15309532235996032,0.3672532464026843,0.3672532464026843,0,1.282627884159201,2.4223947847710665,2.264797462421051,2.0469533886799076,1.276109391230443,boot.inf,0.46865531669433336,0.2761093912304431,23.111010832126084,23.111010832126084,28.188083203315614,moderate,NA,250,NA,NA,NA,0.6904024767801857,0.03162277660168379
tunen2,n x overlap x SNR (lasso),1,tunen2_02_r500.rds,3,500,0.15309532235996032,0.15309532235996032,0.4955737514613007,0.4955737514613007,0,1.1297562375750838,1.8796376062749915,1.77337831999855,1.6164170299145988,1.1228973039393395,boot.inf,0.5564784294189989,0.12289730393933951,10.767148248084093,10.767148248084093,11.718966156671534,moderate,NA,250,NA,NA,NA,0.19857524487978628,0.03162277660168379
tunen2,n x overlap x SNR (lasso),1,tunen2_02_r500.rds,10,500,0.23269127720315574,0.15309532235996032,1.1384830092989175,1.2069093815559875,0.06010311238567123,0.9979006732621061,1.1164775571558436,1.096826884718223,1.0466264721222165,0.9924264213785172,boot.inf,1.1298606187187699,-0.06383972484983402,-4.461076190480336,-4.461076190480336,-4.078725919963875,moderate,NA,250,NA,NA,NA,0.021813557664090776,0.03162277660168379
tunen2,n x overlap x SNR (lasso),1,tunen2_03_r500.rds,1,500,0.22969249354372434,0.22969249354372434,0.5313834862807122,0.5313834862807122,0,1.0684088069128472,1.9364070625444916,1.7835478371313076,1.7345454298025336,1.163619214144498,cv.bloss,0.5677347965903651,0.06840880691284723,10.39959270764335,27.812968972035883,10.39959270764335,bad,NA,250,NA,NA,NA,0.6904024767801857,0.03162277660168379
tunen2,n x overlap x SNR (lasso),1,tunen2_03_r500.rds,3,500,0.22969249354372434,0.22969249354372434,0.6116980551187302,0.6116980551187302,0,1.037864088405527,1.7135751033831093,1.5866989017657833,1.5444505966969082,1.09986503396799,cv.bloss,0.6348594443552348,0.03786408840552702,6.133353901041935,14.813178161420941,6.133353901041935,bad,NA,250,NA,NA,NA,0.19857524487978628,0.03162277660168379
tunen2,n x overlap x SNR (lasso),1,tunen2_03_r500.rds,10,500,0.3036399587092169,0.22969249354372434,1.1758865074705602,1.2264192305459312,0.042974149932268,1.0165523398402243,1.116899052003048,1.0752787442741225,1.0565773614710674,0.9915775077967383,boot.inf,1.1659826125294688,-0.04927892233845643,-4.726848535069622,-4.726848535069622,-3.1617348573737574,bad,NA,250,NA,NA,NA,0.021813557664090776,0.03162277660168379
tunen2,n x overlap x SNR (lasso),1,tunen2_04_r500.rds,1,500,0.2799149127067446,0.2799149127067446,0.6438401070421906,0.6438401070421906,0,1.0006939712513145,1.724494511189068,1.5805177320236377,1.5914667311164785,1.098905960812604,cv.bloss,0.6442869135669212,6.939712513145402e-4,0.12646158471102997,21.06378606021832,0.12646158471102997,awful,NA,250,NA,NA,NA,0.6904024767801857,0.03162277660168379
tunen2,n x overlap x SNR (lasso),1,tunen2_04_r500.rds,3,500,0.2799149127067446,0.2799149127067446,0.7289772282562733,0.7289772282562733,0,0.9912826393628793,1.566638192488183,1.4451439396459378,1.4521923696522145,1.0532945734241668,cv.bloss,0.7226224708613147,-0.008717360637120697,-1.5683048307985836,8.717147755679951,-1.5683048307985836,awful,NA,250,NA,NA,NA,0.19857524487978628,0.03162277660168379
tunen2,n x overlap x SNR (lasso),1,tunen2_04_r500.rds,10,500,0.35321255927182993,0.2799149127067446,1.289156299389834,1.3740862507843885,0.06588025938728492,1.033375458356264,1.1190631923329715,1.0727303210803865,1.0700573136432696,0.9899479397784452,boot.inf,1.2761976226333707,-0.07123907112463923,-5.044317042822151,-5.044317042822151,-2.6489704197788724,awful,NA,250,NA,NA,NA,0.021813557664090776,0.03162277660168379
tunen2,n x overlap x SNR (lasso),1,tunen2_05_r500.rds,1,500,0.029113242013415187,0.029113242013415187,0.11889274273382035,0.11889274273382035,0,2.023216625023343,4.339836235857878,3.930016454297,1.0924557031343889,1.1312907845716695,boot.smd,0.12988505486085172,0.09245570313438889,6.883070751311674,11.280348682463407,30.954472147161365,good,NA,500,NA,NA,NA,0.6904024767801857,0.03162277660168379
tunen2,n x overlap x SNR (lasso),1,tunen2_05_r500.rds,3,500,0.0403185320914702,0.029113242013415187,0.23953307686067385,0.24334946176865707,0.015932600866656266,1.246370149990404,2.2550079202561495,2.0592732532614777,0.9974624795454762,0.9975258699390745,boot.smd,0.23892525677860485,-0.0181804593192737,-1.9040626158413565,-1.7477413141588267,8.85221996650451,good,NA,500,NA,NA,NA,0.19857524487978628,0.03162277660168379
tunen2,n x overlap x SNR (lasso),1,tunen2_05_r500.rds,10,500,0.09314103844826131,0.029113242013415187,0.68273933856981,0.7588029739830634,0.11140948106577575,0.996835581125197,1.147953213371363,1.1012045470594476,1.0597382402071682,1.0485009907153484,cv.bloss,0.6805788653202691,-0.10308882719869283,-5.398323545665212,-5.457742409791624,-5.398323545665212,good,NA,500,NA,NA,NA,0.021813557664090776,0.03162277660168379
tunen2,n x overlap x SNR (lasso),1,tunen2_06_r500.rds,1,500,0.09073157849525443,0.09073157849525443,0.22831111542448182,0.22831111542448182,0,1.4910633144734857,3.609604897255921,3.0183520762388465,2.788346831129859,1.3819135059275307,boot.inf,0.3155062139584708,0.3819135059275307,18.81461152884599,18.81461152884599,34.6863115152228,moderate,NA,500,NA,NA,NA,0.6904024767801857,0.03162277660168379
tunen2,n x overlap x SNR (lasso),1,tunen2_06_r500.rds,3,500,0.09073157849525443,0.09073157849525443,0.34905443011980497,0.34905443011980497,0,1.1832371671577457,2.428700397556348,2.055722966275896,1.9092970340889168,1.1371155016425691,boot.inf,0.39691520340624314,0.13711550164256914,8.46507746109902,8.46507746109902,11.537081429607316,moderate,NA,500,NA,NA,NA,0.19857524487978628,0.03162277660168379
tunen2,n x overlap x SNR (lasso),1,tunen2_06_r500.rds,10,500,0.19098127561277872,0.09073157849525443,0.8799912848933624,0.9532300602948507,0.08322670537625076,1.0057523425733506,1.2155806076790445,1.1100010399187363,1.068916432848435,1.0172454715306887,cv.bloss,0.8850532962256319,-0.07152183602784257,-4.290981570350019,-3.9176567073365205,-4.290981570350019,moderate,NA,500,NA,NA,NA,0.021813557664090776,0.03162277660168379
tunen2,n x overlap x SNR (lasso),1,tunen2_07_r500.rds,1,500,0.16233315182375388,0.16233315182375388,0.3876801107589239,0.3876801107589239,0,1.1746804111142477,2.541754901966083,2.085750930977875,2.1610197548363663,1.333457302670349,cv.bloss,0.45540023188710976,0.1746804111142477,22.706638793095586,43.38762953784913,22.706638793095586,bad,NA,500,NA,NA,NA,0.6904024767801857,0.03162277660168379
tunen2,n x overlap x SNR (lasso),1,tunen2_07_r500.rds,3,500,0.16233315182375388,0.16233315182375388,0.48304762234532456,0.48304762234532456,0,1.0764851933906596,2.065731986110504,1.7076657054702968,1.7665893180901466,1.1675153936773244,cv.bloss,0.519993613157305,0.07648519339065962,8.541953715991552,15.305285607338101,8.541953715991552,bad,NA,500,NA,NA,NA,0.19857524487978628,0.03162277660168379
tunen2,n x overlap x SNR (lasso),1,tunen2_07_r500.rds,10,500,0.2584802844377905,0.16233315182375388,0.9460845683775579,1.0793452007540398,0.14085488425734582,1.0559112346199655,1.2142529354856701,1.075372345435631,1.094366665700204,1.011081369227975,boot.inf,0.956568480800639,-0.11375111490524803,-6.511490786767185,-6.511490786767185,-5.599689573854536,bad,NA,500,NA,NA,NA,0.021813557664090776,0.03162277660168379
tunen2,n x overlap x SNR (lasso),1,tunen2_08_r500.rds,1,500,0.22709424799348188,0.22709424799348188,0.5168791448169839,0.5168791448169839,0,1.0354331158873742,2.0533868323949496,1.6587304350852976,1.8099201323848901,1.1778482944834858,cv.bloss,0.535193783455051,0.03543311588737419,6.665323570449714,38.15040344049292,6.665323570449714,awful,NA,500,NA,NA,NA,0.6904024767801857,0.03162277660168379
tunen2,n x overlap x SNR (lasso),1,tunen2_08_r500.rds,3,500,0.22709424799348188,0.22709424799348188,0.5946562921966452,0.5946562921966452,0,1.0065119337253128,1.799625630720852,1.4670471958331541,1.5940687980977524,1.091810878025122,cv.bloss,0.59852865456077,0.00651193372531278,1.1558606815534032,11.426271700025444,1.1558606815534032,awful,NA,500,NA,NA,NA,0.19857524487978628,0.03162277660168379
tunen2,n x overlap x SNR (lasso),1,tunen2_08_r500.rds,10,500,0.3144997290681134,0.22709424799348188,1.0322391665597468,1.2090541762446434,0.17129267655497582,1.106663087445459,1.177879643572596,1.0417396755111519,1.0914637681790031,1.0185920253138963,boot.inf,1.0514305832744208,-0.13036933833668718,-7.427808743621954,-7.427808743621954,-4.786335326575538,awful,NA,500,NA,NA,NA,0.021813557664090776,0.03162277660168379
tunen2,n x overlap x SNR (lasso),1,tunen2_09_r500.rds,1,500,0.003794285923079132,0.003794285923079132,0.051380788011015956,0.051380788011015956,0,2.3360310459811426,6.020367108477307,4.6512761124948385,1.0250455287923463,1.0228545185191968,boot.inf,0.05255507118214464,0.022854518519196843,3.850417586813005,3.850417586813005,25.017804108623697,good,NA,2000,NA,NA,NA,0.6904024767801857,0.03162277660168379
tunen2,n x overlap x SNR (lasso),1,tunen2_09_r500.rds,3,500,0.007277099907592935,0.003794285923079132,0.1149827071022449,0.11543831750241898,0.003962425408622128,1.3534724719953546,2.8317436104557268,2.2498635059303327,0.9999952382064724,0.9992627344148305,boot.inf,0.11489793430940878,-0.0046811423165351584,-1.2649361207107437,-1.2649361207107437,10.172427387161688,good,NA,2000,NA,NA,NA,0.19857524487978628,0.03162277660168379
tunen2,n x overlap x SNR (lasso),1,tunen2_09_r500.rds,10,500,0.02328138659283046,0.003794285923079132,0.35219612301188835,0.36746372811481903,0.04334972506899315,1.0207589965192077,1.2853139699684175,1.1589133521189732,1.0308878607149394,1.030720711251656,cv.bloss,0.35950736110357057,-0.02165211530418698,-1.1540371509896232,-4.085348682728587,-1.1540371509896232,good,NA,2000,NA,NA,NA,0.021813557664090776,0.03162277660168379
tunen2,n x overlap x SNR (lasso),1,tunen2_10_r500.rds,1,500,0.012751583227288124,0.011618767718211891,0.0692205960855875,0.06926566427579346,6.51080642966928e-4,2.595574302880247,9.177189619635639,6.196740868422082,5.273335216131796,1.1665425000916245,boot.inf,0.08074876721551377,0.16578348103323326,6.132911367376007,6.132911367376007,29.76722374662723,moderate,NA,2000,NA,NA,NA,0.6904024767801857,0.03162277660168379
tunen2,n x overlap x SNR (lasso),1,tunen2_10_r500.rds,3,500,0.028118908156925138,0.011618767718211891,0.16656723054012432,0.180011050177591,0.08071107140265621,1.2941202319793934,3.8371859782532525,2.6159583765802705,2.2839661440543497,0.995041134466086,boot.inf,0.16574124604151938,-0.0792718231574876,-4.5328690393193325,-4.5328690393193325,5.5217153028676975,moderate,NA,2000,NA,NA,NA,0.19857524487978628,0.03162277660168379
tunen2,n x overlap x SNR (lasso),1,tunen2_10_r500.rds,10,500,0.10835701660663122,0.011618767718211891,0.47263973241482066,0.5915813344293268,0.25165383664806873,1.0096364773404505,1.4771597399243481,1.1360399842052387,1.1483269104334706,1.1118679211598803,cv.bloss,0.4771943144864327,-0.19335806132767597,-7.067784715222139,-6.932927672669279,-7.067784715222139,moderate,NA,2000,NA,NA,NA,0.021813557664090776,0.03162277660168379
tunen2,n x overlap x SNR (lasso),1,tunen2_11_r500.rds,1,500,0.0698275459938624,0.0698275459938624,0.17200299633766578,0.17200299633766578,0,1.6883417495161799,4.842818417577098,3.361555729329058,3.943839588189352,1.8550147585956953,cv.bloss,0.2903998397587597,0.6883417495161799,30.143084364401844,31.461784154976407,30.143084364401844,bad,NA,2000,NA,NA,NA,0.6904024767801857,0.03162277660168379
tunen2,n x overlap x SNR (lasso),1,tunen2_11_r500.rds,3,500,0.07663564552567359,0.0698275459938624,0.2735975266035262,0.27491538690907147,0.0048167844274960014,1.2150204225665722,3.0626429740038255,2.1392857794778797,2.499512539527432,1.288470220362122,cv.bloss,0.33242658238698536,0.20919598617059498,10.178915135998986,13.642115188514358,10.178915135998986,bad,NA,2000,NA,NA,NA,0.19857524487978628,0.03162277660168379
tunen2,n x overlap x SNR (lasso),1,tunen2_11_r500.rds,10,500,0.18546809182744578,0.0698275459938624,0.6117596410789805,0.7895169322268147,0.29056720844532635,1.0928360377494828,1.456665612302955,1.1074657134719514,1.230481462509193,1.063168310854636,boot.inf,0.6504034642549781,-0.17620074034317446,-7.471859529893987,-7.471859529893987,-7.34733647940142,bad,NA,2000,NA,NA,NA,0.021813557664090776,0.03162277660168379
tunen2,n x overlap x SNR (lasso),1,tunen2_12_r500.rds,1,500,0.14477841237944994,0.14477841237944994,0.3459601708414177,0.3459601708414177,0,1.1596616751880398,2.6914384136378557,1.928173672976058,2.2884428646461012,1.405856509515073,cv.bloss,0.4011967512662989,0.15966167518803975,22.605185439817525,71.53909810707229,22.605185439817525,awful,NA,2000,NA,NA,NA,0.6904024767801857,0.03162277660168379
tunen2,n x overlap x SNR (lasso),1,tunen2_12_r500.rds,3,500,0.14477841237944994,0.14477841237944994,0.44133925752460684,0.44133925752460684,0,1.0540382473810488,2.1226935567144305,1.5408385957939859,1.8129665860982949,1.1767418405595027,cv.bloss,0.46518845750168997,0.05403824738104879,6.721971088166972,15.85066625211237,6.721971088166972,awful,NA,2000,NA,NA,NA,0.19857524487978628,0.03162277660168379
tunen2,n x overlap x SNR (lasso),1,tunen2_12_r500.rds,10,500,0.25300438734111275,0.14477841237944994,0.7583234930236907,0.9993004025463142,0.3177758723546431,1.1820980063914686,1.307455671783332,1.0416816088905183,1.1534166348124057,1.0258565522423264,boot.inf,0.7779311240376413,-0.22152425631432004,-9.253932456599445,-9.253932456599445,-7.264156920629856,awful,NA,2000,NA,NA,NA,0.021813557664090776,0.03162277660168379
tunen2,n x overlap x SNR (lasso),1,tunen2_13_r500.rds,1,500,0.003551584147226723,0.003551584147226723,0.03270002653790506,0.03270002653790506,0,2.221809842872998,5.949928926556347,4.396517617758893,0.9944577449579582,0.9943916631920469,boot.inf,0.032516633775451484,-0.00560833680795314,-4.773250223979822,-4.773250223979822,25.01897698016409,good,NA,5000,NA,NA,NA,0.6904024767801857,0.03162277660168379
tunen2,n x overlap x SNR (lasso),1,tunen2_13_r500.rds,3,500,0.0037206954999927646,0.003551584147226723,0.07369927494116585,0.07370156788282653,3.111213322659623e-5,1.2997155079255307,2.7415755534093935,2.1102830301415616,0.999860901122802,0.9998215259286997,boot.inf,0.07368612153151521,-2.095796840559938e-4,-0.3681027053750918,-0.3681027053750918,9.868568397805992,good,NA,5000,NA,NA,NA,0.19857524487978628,0.03162277660168379
tunen2,n x overlap x SNR (lasso),1,tunen2_13_r500.rds,10,500,0.01648499331940372,0.003551584147226723,0.2285226276715015,0.23261000240984242,0.01788608322943186,1.0135546679437788,1.2309450811568874,1.122103509286845,1.0188128129811522,1.0187923724188095,cv.bloss,0.23162017600722848,-0.004255304554229511,-0.3153687646490185,2.751098705049404,-0.3153687646490185,good,NA,5000,NA,NA,NA,0.021813557664090776,0.03162277660168379
tunen2,n x overlap x SNR (lasso),1,tunen2_14_r500.rds,1,500,0.005010680999089417,0.005010680999089417,0.044795417859771855,0.044795417859771855,0,2.8170614300814485,11.718663865013108,7.1879466303029815,1.3493059658504407,1.0259867667302625,boot.inf,0.045959505934278375,0.025986766730262456,3.6777962996150726,3.6777962996150726,25.880651837409243,moderate,NA,5000,NA,NA,NA,0.6904024767801857,0.03162277660168379
tunen2,n x overlap x SNR (lasso),1,tunen2_14_r500.rds,3,500,0.01157532299363882,0.005010680999089417,0.11804225623073829,0.11972306808641012,0.01423906920574547,1.3318228742817781,4.458649854948105,2.7784248733647074,1.0592359481835996,1.0058377966887866,boot.inf,0.118731362923299,-0.008283325669497188,-2.553702296757768,-2.553702296757768,8.584710272536265,moderate,NA,5000,NA,NA,NA,0.19857524487978628,0.03162277660168379
tunen2,n x overlap x SNR (lasso),1,tunen2_14_r500.rds,10,500,0.07794996895129105,0.005010680999089417,0.3602835427668477,0.3961597938546984,0.09957782365615153,1.0178171676991008,1.5600981447833597,1.1374583422185276,1.0900129864543187,1.0863720276252242,cv.bloss,0.3667027750675508,-0.07435640679364786,-3.783817468468175,-5.008507932576103,-3.783817468468175,moderate,NA,5000,NA,NA,NA,0.021813557664090776,0.03162277660168379
tunen2,n x overlap x SNR (lasso),1,tunen2_15_r500.rds,1,500,0.030126383370201515,0.030126383370201515,0.0922600990853066,0.0922600990853066,0,2.3825712697543917,7.919725430765419,5.175759199078408,6.475090502527667,1.759661481193921,boot.inf,0.16234654261154852,0.7596614811939211,14.807178159779411,14.807178159779411,29.221677303427374,bad,NA,5000,NA,NA,NA,0.6904024767801857,0.03162277660168379
tunen2,n x overlap x SNR (lasso),1,tunen2_15_r500.rds,3,500,0.03628733542460101,0.030126383370201515,0.1937497663551507,0.19670675175579846,0.015261878536810602,1.3203559087175087,3.780239489473958,2.4863543089282993,3.096942855480873,1.127699272271143,boot.inf,0.2184914705214074,0.11074718366888381,4.8062933539054535,4.8062933539054535,9.683399346530196,bad,NA,5000,NA,NA,NA,0.19857524487978628,0.03162277660168379
tunen2,n x overlap x SNR (lasso),1,tunen2_15_r500.rds,10,500,0.14649259937759646,0.030126383370201515,0.48959501822888657,0.6248160567217794,0.27618957190793303,1.0652215051270084,1.5509414925588354,1.1107005238233578,1.3044505692408068,1.1307299245660778,cv.bloss,0.5215271422204597,-0.16531091573293644,-6.106218699363179,-5.2330093091845145,-6.106218699363179,bad,NA,5000,NA,NA,NA,0.021813557664090776,0.03162277660168379
tunen2,n x overlap x SNR (lasso),1,tunen2_16_r500.rds,1,500,0.10319521664762552,0.10319521664762552,0.24188898057168526,0.24188898057168526,0,1.3518032062123697,3.4352608404340437,2.422074409819037,2.988187052165297,1.7039992026961428,cv.bloss,0.32698629948424573,0.3518032062123697,23.826081999542076,63.69662344386804,23.826081999542076,awful,NA,5000,NA,NA,NA,0.6904024767801857,0.03162277660168379
tunen2,n x overlap x SNR (lasso),1,tunen2_16_r500.rds,3,500,0.10319521664762552,0.10319521664762552,0.3310559316209368,0.3310559316209368,0,1.1215147400800902,2.5140020753852643,1.7794557751953135,2.1879281876059657,1.2933955460154116,cv.bloss,0.3712841071038271,0.12151474008009022,8.928588338025165,18.01578580886418,8.928588338025165,awful,NA,5000,NA,NA,NA,0.19857524487978628,0.03162277660168379
tunen2,n x overlap x SNR (lasso),1,tunen2_16_r500.rds,10,500,0.2073432349952591,0.10319521664762552,0.5971045283399059,0.8487391876877534,0.42142480487872414,1.2138685025442635,1.4314322307177059,1.077897452886707,1.2614600250368737,1.0245234284191467,boot.inf,0.6117475784993979,-0.2792278389242273,-9.949737500554123,-9.949737500554123,-8.397888038815513,awful,NA,5000,NA,NA,NA,0.021813557664090776,0.03162277660168379
